# This file uses meters as units for non-parametric coordinates.

mtllib Stoplight.mtl
g default
v -7.553390 10.775676 39.345695
v -7.553390 88.677307 39.345695
v -7.553390 88.677307 12.080119
v -7.553390 10.775676 12.080119
v 0.032429 93.805130 41.140434
v 0.032429 93.805130 10.285381
v 0.032429 5.647850 10.285381
v 0.032429 5.647850 41.140434
v 9.329691 97.576599 42.460445
v 9.329691 97.576599 8.965368
v 9.329691 1.876389 8.965368
v 9.329691 1.876389 42.460445
v 15.969402 -0.273502 8.212908
v 15.969402 -0.273502 43.212906
v -7.553390 88.677307 16.272858
v -7.553390 10.775676 16.272858
v 0.032430 5.647850 15.030089
v 9.329691 1.876389 14.116044
v 15.969402 -0.273499 13.595001
v -7.553390 88.677307 33.933239
v -7.553390 10.775676 33.933239
v 0.032429 5.647850 35.015434
v 9.329691 1.876389 35.811378
v 15.969402 -0.273502 36.265099
v 15.969402 92.535995 43.212906
v 9.329691 90.695282 42.460445
v 0.032429 87.466194 41.140434
v -7.553390 83.075798 39.345695
v -7.553390 83.075798 12.080119
v 0.032429 87.466194 10.285381
v 9.329691 90.695282 8.965368
v 15.969402 92.535995 8.212908
v 15.969402 73.828705 43.212906
v 9.329691 72.792358 42.460445
v 0.032429 70.974350 41.140434
v -7.553390 68.502510 39.345695
v -7.553390 68.502510 12.080119
v 0.032429 70.974350 10.285381
v 9.329691 72.792358 8.965368
v 15.969402 73.828705 8.212908
v 15.969402 66.722000 43.212906
v 9.329691 65.991226 42.460445
v 0.032429 64.709274 41.140434
v -7.553390 62.966270 39.345695
v -7.553390 62.966270 12.080119
v 0.032429 64.709274 10.285381
v 9.329691 65.991226 8.965368
v 15.969402 66.722000 8.212908
v 15.969402 61.319481 43.212906
v 9.329691 60.821011 42.460445
v 0.032429 59.946556 41.140434
v -7.553390 58.757622 39.345695
v -7.553390 58.757622 12.080119
v 0.032429 59.946556 10.285381
v 9.329691 60.821011 8.965368
v 15.969402 61.319481 8.212908
v 15.969402 37.181404 43.212906
v 9.329691 37.720814 42.460445
v 0.032430 38.667080 41.140434
v -7.553390 39.953659 39.345695
v -7.553390 39.953659 12.080119
v 0.032430 38.667080 10.285381
v 9.329691 37.720814 8.965368
v 15.969402 37.181404 8.212908
v 15.969402 30.876144 43.212906
v 9.329691 31.686666 42.460445
v 0.032430 33.108536 41.140434
v -7.553390 35.041759 39.345695
v -7.553390 35.041759 12.080119
v 0.032430 33.108536 10.285381
v 9.329691 31.686666 8.965368
v 15.969402 30.876144 8.212908
v 15.969402 7.194225 43.212906
v 9.329691 9.023018 42.460445
v 0.032430 12.231197 41.140434
v -7.553390 16.593155 39.345695
v -7.553390 16.593155 12.080119
v 0.032430 12.231197 10.285381
v 9.329691 9.023018 8.965368
v 15.969402 7.194225 8.212908
v 21.013618 66.722000 36.265099
v 21.013618 73.828705 36.265099
v 21.013618 66.722000 13.595001
v 21.013618 73.828705 13.595001
v 21.013618 92.535995 13.595001
v 21.013618 92.535995 36.265099
v 20.929354 61.319481 13.595001
v 20.929354 61.319481 36.265099
v 20.929354 37.181400 36.265099
v 20.929354 37.181400 13.595001
v 21.917870 30.876143 13.595001
v 21.917870 30.876143 36.265099
v 21.917870 7.194222 36.265099
v 21.917870 7.194222 13.595001
v 20.929354 61.319481 13.595001
v 20.929354 61.319481 36.265099
v 20.929354 37.181400 36.265099
v 20.929354 37.181400 13.595001
v 21.013618 69.303406 33.998093
v 21.013618 74.988770 33.998093
v 21.013618 69.303406 15.862010
v 21.013618 74.988770 15.862010
v 21.013618 89.954605 15.862010
v 21.013618 89.954605 33.998093
v 20.929354 59.106827 15.673093
v 20.929354 59.106827 34.187004
v 20.929354 39.394058 34.187004
v 20.929354 39.394058 15.673093
v 21.917870 28.705299 15.673093
v 21.917870 28.705299 34.187004
v 21.917870 9.365067 34.187004
v 21.917870 9.365067 15.673093
v 23.687508 69.303406 33.998093
v 23.687508 74.988770 33.998093
v 23.687508 69.303406 15.862010
v 23.687508 74.988770 15.862010
v 23.687508 89.954605 15.862010
v 23.687508 89.954605 33.998093
v 23.687508 70.335968 33.091286
v 23.687508 75.452789 33.091286
v 23.687508 70.335968 16.768814
v 23.687508 75.452789 16.768814
v 23.687508 88.922043 16.768814
v 23.687508 88.922043 33.091286
v 34.634827 70.335968 33.091286
v 34.634827 75.452789 33.091286
v 34.634827 70.335968 16.768814
v 34.634827 75.452789 16.768814
v 34.634827 88.922043 16.768814
v 34.634827 88.922043 33.091286
v 24.558586 59.106827 15.673093
v 24.558586 59.106827 34.187004
v 24.558586 39.394058 34.187004
v 24.558586 39.394058 15.673093
v 24.558586 57.792641 16.907354
v 24.558586 57.792641 32.952744
v 24.558586 40.708244 32.952744
v 24.558586 40.708244 16.907354
v 35.208710 57.792641 16.907354
v 35.208710 57.792641 32.952744
v 35.208710 40.708244 32.952744
v 35.208710 40.708244 16.907354
v 21.917870 27.415953 16.907354
v 21.917870 27.415953 32.952744
v 21.917870 10.654415 32.952744
v 21.917870 10.654415 16.907354
v 35.035103 27.415953 16.907354
v 35.035103 27.415953 32.952744
v 35.035103 10.654415 32.952744
v 35.035103 10.654415 16.907354
v 18.979387 92.535995 43.212906
v 18.979387 92.535995 8.212908
v 36.876442 71.420151 32.139137
v 36.973747 75.940018 32.139137
v 36.876442 71.420151 17.720959
v 36.973747 75.940018 17.720959
v 36.876442 87.837860 17.720959
v 36.876442 87.837860 32.139137
v 38.507607 73.335556 30.457018
v 38.507607 76.800781 30.457018
v 38.507607 73.335556 19.403082
v 38.507607 76.800781 19.403082
v 38.507607 85.922455 19.403082
v 38.507607 85.922455 30.457018
v 36.720589 56.368942 18.244471
v 36.720589 56.368942 31.615629
v 36.720589 42.131943 31.615629
v 36.720589 42.131943 18.244471
v 37.882256 55.182529 19.358732
v 37.882256 55.182529 30.501366
v 37.882256 43.318359 30.501366
v 37.882256 43.318359 19.358732
v 36.302147 25.879478 18.378183
v 36.302147 25.879478 31.481918
v 36.302147 12.190887 31.481918
v 36.302147 12.190887 18.378183
v 37.117294 24.738762 19.470160
v 37.117294 24.738762 30.389938
v 37.117294 13.331604 30.389938
v 37.117294 13.331604 19.470160
v 37.446609 1.076988 41.862411
v 37.051060 0.122044 42.817356
v 36.096115 -0.273506 43.212906
v 37.446609 7.194222 41.862411
v 37.051060 7.194222 42.817356
v 36.096115 7.194222 43.212906
v 37.446609 98.375999 41.862411
v 37.051060 99.330940 42.817356
v 36.096115 99.726494 43.212906
v 36.096115 99.726494 36.265099
v 37.051060 99.330940 36.265099
v 37.446609 98.375999 36.265099
v 37.446609 98.375999 9.563402
v 37.051060 99.330940 8.608458
v 36.096115 99.726494 8.212908
v 37.446609 92.535995 9.563402
v 37.051060 92.535995 8.608458
v 36.096115 92.535995 8.212908
v 37.446609 1.076988 9.563402
v 37.051060 0.122044 8.608458
v 36.096115 -0.273506 8.212908
v 36.096115 -0.273506 13.595001
v 37.051060 0.122044 13.595001
v 37.446609 1.076988 13.595001
v 36.096115 99.726494 13.595001
v 37.051060 99.330940 13.595001
v 37.446609 98.375999 13.595001
v 36.096115 -0.273506 36.265099
v 37.051060 0.122044 36.265099
v 37.446609 1.076988 36.265099
v 37.446609 92.535995 41.862411
v 37.051060 92.535995 42.817356
v 36.096115 92.535995 43.212906
v 36.096115 73.828705 8.212908
v 37.051060 73.828705 8.608458
v 37.446609 73.828705 9.563402
v 37.446609 93.886490 12.244507
v 37.051060 92.931549 13.199450
v 36.096115 92.535995 13.595001
v 37.446609 93.886490 37.615593
v 37.051060 92.931549 36.660648
v 36.096115 92.535995 36.265099
v 37.446609 73.828705 41.862411
v 37.051060 73.828705 42.817356
v 36.096115 73.828705 43.212906
v 36.096115 66.722000 8.212908
v 37.051060 66.722000 8.608458
v 37.446609 66.722000 9.563402
v 37.446609 73.828705 12.244507
v 37.051060 73.828705 13.199450
v 36.096115 73.828705 13.595001
v 37.446609 73.828705 37.615593
v 37.051060 73.828705 36.660648
v 36.096115 73.828705 36.265099
v 37.446609 66.722000 41.862411
v 37.051060 66.722000 42.817356
v 36.096115 66.722000 43.212906
v 36.096115 61.319481 8.212908
v 37.051060 61.319481 8.608458
v 37.446609 61.319481 9.563402
v 37.446609 65.371506 12.244507
v 37.051060 66.326447 13.199450
v 36.096115 66.722000 13.595001
v 37.446609 65.371506 37.615593
v 37.051060 66.326447 36.660648
v 36.096115 66.722000 36.265099
v 37.446609 61.319481 41.862411
v 37.051060 61.319481 42.817356
v 36.096115 61.319481 43.212906
v 36.096115 37.181400 8.212908
v 37.051060 37.181400 8.608458
v 37.446609 37.181400 9.563402
v 37.446609 62.669975 37.615593
v 37.051060 61.715031 36.660648
v 36.096115 61.319481 36.265099
v 37.446609 62.669975 12.244507
v 37.051060 61.715031 13.199450
v 36.096115 61.319481 13.595001
v 37.446609 35.830906 37.615593
v 37.051060 36.785851 36.660648
v 36.096115 37.181400 36.265099
v 37.446609 37.181400 41.862411
v 37.051060 37.181400 42.817356
v 36.096115 37.181400 43.212906
v 36.096115 30.876143 8.212908
v 37.051060 30.876143 8.608458
v 37.446609 30.876143 9.563402
v 37.446609 35.830906 12.244507
v 37.051060 36.785851 13.199450
v 36.096115 37.181400 13.595001
v 37.446609 30.876143 41.862411
v 37.051060 30.876143 42.817356
v 36.096115 30.876143 43.212906
v 36.096115 7.194222 8.212908
v 37.051060 7.194222 8.608458
v 37.446609 7.194222 9.563402
v 37.446609 32.226635 37.615593
v 37.051060 31.271690 36.660648
v 36.096115 30.876143 36.265099
v 37.446609 32.226635 12.244507
v 37.051060 31.271690 13.199450
v 36.096115 30.876143 13.595001
v 37.446609 5.843727 37.615593
v 37.051060 6.798672 36.660648
v 36.096115 7.194222 36.265099
v 37.446609 5.843727 12.244507
v 37.051060 6.798672 13.199450
v 36.096115 7.194222 13.595001
v 9.325440 98.067978 35.216522
v 9.318957 98.817268 35.205273
v 9.227137 97.923515 35.681599
v 8.804379 97.363503 35.766407
v 9.329692 97.576599 36.203358
v 9.707717 97.698997 35.837212
v 9.329692 97.576599 35.246330
v 9.133839 120.212700 35.028713
v 9.132406 120.378258 34.616493
v 8.933513 120.783020 35.058537
v 8.514045 120.837830 35.240070
v 8.550398 120.675446 35.612099
v 8.589818 120.280304 35.765018
v 8.959143 120.206902 35.602238
v 9.137297 119.812965 35.199539
v 0.012391 95.927277 34.470348
v 0.024302 94.645996 34.496010
v 0.032429 93.805130 34.564991
v -0.290071 93.587128 34.969425
v 0.032429 93.805130 35.407413
v 0.533479 94.008385 35.058331
v -0.281509 94.487267 34.798409
v -0.169364 116.767815 33.986889
v -0.167449 116.644516 34.471519
v -0.016068 116.809067 34.869385
v 0.350256 116.965187 35.059643
v 0.300385 117.335251 34.903851
v 0.251863 117.486237 34.522720
v -0.041884 117.244789 34.040096
v -0.171504 116.818878 32.816929
v 9.318919 98.821579 14.726198
v 9.325425 98.069672 14.713997
v 9.329691 97.576599 14.681646
v 9.707017 97.698776 14.086433
v 9.329691 97.576599 13.724063
v 8.801791 97.362457 14.167944
v 9.226476 97.924873 14.248686
v 9.133851 120.211197 14.901806
v 9.137336 119.808403 14.732109
v 8.953138 120.187363 14.330725
v 8.567558 120.246246 14.171499
v 8.538870 120.664940 14.324360
v 8.513915 120.837769 14.694615
v 8.932916 120.782135 14.871453
v 9.132407 120.378029 15.311298
v 0.024222 94.654488 15.547043
v 0.012193 95.948586 15.572304
v -0.287383 94.492203 15.250589
v 0.530052 94.006996 14.981166
v 0.032430 93.805130 14.638108
v -0.289365 93.587608 15.082808
v 0.032430 93.805130 15.479103
v -0.169374 116.767227 16.047680
v -0.171503 116.819229 17.198662
v -0.039596 117.245796 16.006674
v 0.264668 117.491432 15.531524
v 0.303641 117.339600 15.140648
v 0.343426 116.969231 14.979988
v -0.018771 116.810951 15.172958
v -0.167442 116.641617 15.570875
v 8.737067 103.214523 30.592400
v 8.732561 103.599884 30.751345
v 9.119241 103.440605 30.916361
v 9.282437 103.038109 31.307087
v 9.285769 102.652954 31.137383
v 9.287148 102.493568 30.728027
v 9.124509 102.893211 30.359884
v 8.739618 103.054916 30.208672
v 8.737494 103.214279 19.338457
v 8.739614 103.054916 19.722178
v 9.124670 102.895355 19.567945
v 9.287103 102.498795 19.199196
v 9.285730 102.657356 18.786657
v 9.282422 103.039780 18.615932
v 9.119745 103.441139 19.010244
v 8.733424 103.599022 19.179516
v 8.632195 115.435394 19.338198
v 8.634343 115.050629 19.179516
v 9.017867 115.218010 19.013166
v 9.173551 115.622749 18.622082
v 9.170218 116.007851 18.791801
v 9.168839 116.167236 19.201178
v 9.013778 115.765175 19.568712
v 8.631994 115.594772 19.721292
v 8.631766 115.435135 30.592655
v 8.631993 115.594772 30.209543
v 9.013641 115.763680 30.360329
v 9.168878 116.162971 30.726416
v 9.170242 116.005280 31.141142
v 9.173533 115.624908 31.312788
v 9.017438 115.217529 30.918036
v 8.633490 115.049759 30.751345
v -0.054061 102.450768 31.106684
v -0.055783 102.685585 31.316090
v 0.098921 103.272041 30.959618
v 0.494835 103.504387 30.784826
v 0.486868 103.108498 30.627848
v 0.476745 102.944580 30.248537
v 0.098064 102.774849 30.364750
v -0.053705 102.353546 30.601709
v -0.054020 102.447655 18.880682
v -0.053699 102.352783 19.387669
v 0.100619 102.775360 19.626379
v 0.485472 102.944695 19.743252
v 0.494971 103.110733 19.357681
v 0.501923 103.511635 19.198093
v 0.101435 103.274345 19.025972
v -0.055686 102.676964 18.670431
v -0.171813 115.788994 18.834177
v -0.168769 115.314201 18.641785
v -0.010176 115.079521 19.045090
v 0.378266 114.959702 19.198139
v 0.379428 115.346024 19.360964
v 0.383073 115.506050 19.754112
v -0.021781 115.692375 19.653477
v -0.172379 115.985809 19.300497
v -0.171823 115.787949 31.151503
v -0.172379 115.985664 30.687302
v -0.022000 115.692711 30.332169
v 0.383075 115.506050 30.228844
v 0.374435 115.348885 30.622120
v 0.368402 114.969376 30.784924
v -0.012999 115.084198 30.940659
v -0.168780 115.310928 31.343058
v 8.944822 120.612732 35.443291
v -0.035028 117.098213 34.629303
v 8.941293 120.606575 14.488828
v -0.035124 117.099670 15.414476
v 9.122893 103.054878 30.754227
v 9.123254 103.056755 19.172579
v 9.014843 115.604279 19.175869
v 9.014572 115.602859 30.754932
v 0.097847 102.924309 30.790695
v 0.100430 102.925262 19.196306
v -0.018492 115.514267 19.227070
v -0.020052 115.515900 30.758488
v 15.969402 99.589920 43.079132
v 15.969402 99.726486 42.756168
v 15.660934 99.626610 43.177948
v 15.969402 99.260208 43.212906
v 55.346958 118.255463 60.012951
v 55.668144 118.301353 60.044788
v 55.669327 118.621101 59.925331
v 55.670494 118.810799 59.642960
v 55.345596 118.773857 59.614391
v 55.042778 118.668472 59.522366
v 55.036282 118.474350 59.797585
v 55.029648 118.137917 59.914970
v 19.581707 99.726486 43.212906
v 18.979387 99.726486 42.756168
v 18.979387 99.589920 43.079132
v 18.979387 99.260208 43.212906
v 57.223774 118.055794 59.811707
v 56.977959 117.643044 59.460728
v 57.118778 118.068848 59.381138
v 57.229103 118.274475 59.160088
v 57.397961 118.604675 59.442032
v 57.040302 118.816223 59.624023
v 56.964565 118.632790 59.923355
v 56.892853 118.326675 60.043571
v 19.577551 99.726486 36.265099
v 18.979387 99.726486 35.938950
v 18.979387 99.726486 36.265099
v 18.979387 99.726486 36.591248
v 57.522076 125.075806 36.612705
v 57.192112 125.319160 36.617054
v 57.187729 125.296654 36.943287
v 57.182373 125.229385 37.261185
v 57.503925 124.975670 37.256733
v 57.346035 124.577667 37.250771
v 57.371086 124.663994 36.910446
v 57.383961 124.694099 36.603146
v 15.969402 99.726486 36.265099
v 15.969402 99.726486 35.938950
v 15.659799 99.626236 36.243942
v 15.969402 99.726486 36.591248
v 55.349438 125.271835 36.606159
v 55.050255 125.133751 36.602982
v 55.054947 125.113312 36.940720
v 55.057549 125.047127 37.261929
v 55.349667 125.179741 37.269989
v 55.674858 125.225594 37.274387
v 55.675240 125.295654 36.944630
v 55.675579 125.319160 36.607964
v 19.577551 99.726486 13.595001
v 18.979387 99.726486 13.268851
v 18.979387 99.726486 13.595001
v 18.979387 99.726486 13.921151
v 57.521744 125.076256 14.600053
v 57.385834 124.695312 14.588638
v 57.368713 124.664375 14.288922
v 57.333488 124.576988 13.936619
v 57.496269 124.979874 13.952382
v 57.176006 125.237312 13.963562
v 57.182934 125.298653 14.282478
v 57.189484 125.319160 14.609276
v 15.969402 99.726486 13.595001
v 15.969402 99.726486 13.268851
v 15.660006 99.626305 13.619281
v 15.969402 99.726486 13.921151
v 55.349518 125.271843 14.617430
v 55.675579 125.319160 14.618160
v 55.668415 125.298706 14.284943
v 55.664207 125.236343 13.959838
v 55.349194 125.187668 13.951541
v 55.047714 125.045654 13.940880
v 55.049316 125.111580 14.276285
v 55.050255 125.133751 14.613248
v 19.557339 99.726486 8.212908
v 18.979387 99.265060 8.212908
v 18.979387 99.591339 8.347921
v 18.979387 99.726486 8.673876
v 57.315617 118.165627 -10.532019
v 56.976540 118.412506 -10.769945
v 57.041245 118.724541 -10.656939
v 57.107426 118.904510 -10.365896
v 57.436310 118.698227 -10.156599
v 57.243805 118.372253 -9.829008
v 57.170319 118.172821 -10.070780
v 57.083572 117.781082 -10.162153
v 15.969402 99.591339 8.347921
v 15.969402 99.265060 8.212908
v 15.660934 99.626610 8.247866
v 15.969402 99.726486 8.673876
v 55.347580 118.350151 -10.734251
v 55.033295 118.234398 -10.624991
v 55.037586 118.569992 -10.510633
v 55.041878 118.761238 -10.228311
v 55.345284 118.867233 -10.332796
v 55.671658 118.903908 -10.368162
v 55.670380 118.716682 -10.654634
v 55.669056 118.394180 -10.770334
v 55.343117 92.102135 61.254425
v 55.669247 92.101776 61.289669
v 55.664463 92.432838 61.287167
v 55.661659 92.761444 61.275810
v 55.341560 92.766182 61.240440
v 55.032017 92.769859 61.136105
v 55.032066 92.435989 61.147713
v 55.032066 92.102554 61.150352
v 57.145542 92.113167 61.027557
v 56.959839 92.113350 60.653389
v 56.956669 92.429611 60.649437
v 56.952785 92.765793 60.636215
v 57.142620 92.764290 61.012260
v 56.818504 92.761078 61.275829
v 56.818165 92.435593 61.287140
v 56.818668 92.109367 61.289711
v 55.344242 92.301399 -11.281256
v 55.035378 92.300682 -11.170111
v 55.039330 92.631195 -11.167753
v 55.043282 92.961716 -11.165388
v 55.346439 92.967972 -11.273535
v 55.670380 92.971275 -11.310145
v 55.670387 92.636360 -11.314558
v 55.670387 92.301445 -11.318976
v 57.242702 92.311134 -11.060415
v 56.916599 92.310280 -11.318929
v 56.916885 92.636284 -11.314634
v 56.917168 92.962288 -11.310335
v 57.242905 92.961304 -11.051802
v 57.065289 92.959190 -10.675237
v 57.065372 92.633102 -10.679579
v 57.065464 92.307014 -10.683924
v 25.773296 91.901100 4.840048
v 25.602140 92.361832 4.926577
v 25.189020 92.551842 5.132202
v 25.447708 92.553421 4.823793
v 23.073200 91.901878 4.686306
v 23.731434 92.553917 4.726070
v 22.488922 92.552620 4.978460
v 22.902044 92.362610 4.772835
v 24.566689 91.869514 45.776371
v 24.240768 92.521805 45.767567
v 23.973974 92.523254 45.506638
v 24.393110 92.331184 45.698402
v 21.311529 91.870140 45.663776
v 21.137953 92.331810 45.585808
v 20.718815 92.523880 45.394043
v 21.637449 92.522308 45.677517
v 55.629272 29.767900 -11.583669
v 55.478676 29.506828 -11.479116
v 55.158310 29.645990 -11.483992
v 55.026733 29.966187 -11.484667
v 55.300884 30.103563 -11.586630
v 55.672298 30.139305 -11.638433
v 23.211550 0.542534 4.374012
v 23.545261 0.410454 4.392550
v 23.073326 0.861217 4.367258
v 57.102047 29.574642 -11.281866
v 56.476318 29.478304 -11.461893
v 56.848259 29.775726 -11.592546
v 56.997196 30.123013 -11.638518
v 57.362755 30.074656 -11.422735
v 57.352806 29.898102 -11.142553
v 25.415480 0.749329 4.500229
v 25.773420 1.568622 4.523481
v 24.551363 0.410164 4.449837
v 56.775223 29.580450 60.900421
v 56.456467 29.297806 60.781013
v 57.040833 29.393366 60.597729
v 57.270466 29.695986 60.454891
v 57.260948 29.863642 60.727467
v 56.899391 29.917135 60.944641
v 24.090019 0.878666 45.415306
v 22.939268 0.461586 45.373920
v 24.566685 1.886013 45.435608
v 55.155205 29.437061 60.791187
v 55.474686 29.299004 60.781647
v 55.627800 29.557301 60.884754
v 55.671314 29.937782 60.944756
v 55.300701 29.903452 60.897331
v 55.023037 29.769951 60.801842
v 21.457115 0.588585 45.323135
v 21.311525 0.894535 45.319256
v 21.808603 0.461803 45.334812
v 55.345093 118.582253 59.893520
v 57.318108 118.413780 59.707237
v 57.515575 125.050423 36.929295
v 55.350040 125.248848 36.943680
v 57.512589 125.051651 14.286506
v 55.348907 125.250854 14.280872
v 57.378460 118.510986 -10.426558
v 55.345600 118.678131 -10.618139
v 55.342121 92.434525 61.251904
v 57.144070 92.433510 61.024403
v 55.345284 92.634537 -11.277384
v 57.242805 92.635963 -11.056110
v 55.341743 29.814260 -11.564261
v 57.213844 29.793041 -11.448328
v 57.127159 29.601877 60.754360
v 55.340839 29.603731 60.868839
v -7.553387 68.502510 16.272858
v -7.553387 69.374062 16.272858
v -7.553387 67.630959 16.272858
v -13.277860 69.250587 16.872419
v -12.305430 69.389107 16.272858
v -12.294795 68.494987 16.272858
v -12.284156 67.600868 16.272858
v -13.271314 67.743713 16.876549
v -13.559268 68.502510 17.436846
v -7.553387 63.327278 16.633867
v -7.553387 64.198830 16.272858
v -7.553387 62.966270 15.220800
v -7.553387 61.914219 16.272858
v -7.553387 62.966270 17.505419
v -13.198286 63.327316 17.509485
v -13.559268 64.198830 17.505419
v -13.198261 64.198830 16.633867
v -12.326707 64.198830 16.272858
v -12.329900 63.327301 16.633850
v -12.326707 62.966270 17.505419
v -7.553387 63.327278 33.572231
v -7.553387 62.966270 32.700676
v -7.553387 61.914219 33.933239
v -7.553387 62.966270 34.985294
v -7.553387 64.198830 33.933239
v -13.198261 64.198830 33.572231
v -13.559268 64.198830 32.700676
v -13.198286 63.327316 32.696609
v -12.326707 62.966270 32.700676
v -12.328295 63.327290 33.572235
v -12.326707 64.198830 33.933239
v -7.553387 68.502510 33.933239
v -7.553387 67.630959 33.933239
v -7.553387 69.374062 33.933239
v -13.277860 69.250587 33.333679
v -13.559268 68.502510 32.769253
v -13.279122 67.754341 33.329559
v -12.305430 67.615913 33.933239
v -12.305430 68.502510 33.933239
v -12.305430 69.389107 33.933239
v -7.553387 82.714790 33.572231
v -7.553387 81.843239 33.933239
v -7.553387 83.075798 34.985294
v -7.553387 84.127853 33.933239
v -7.553387 83.075798 32.700676
v -13.198262 82.714783 32.699364
v -13.559268 81.843239 32.700676
v -13.198261 81.843239 33.572231
v -12.326707 81.843239 33.933239
v -12.327144 82.714790 33.572231
v -12.326707 83.075798 32.700676
v -7.553387 82.714790 16.633867
v -7.553387 83.075798 17.505419
v -7.553387 84.127853 16.272858
v -7.553387 83.075798 15.220800
v -7.553387 81.843239 16.272858
v -13.198261 81.843239 16.633867
v -13.559268 81.843239 17.505419
v -13.198262 82.714783 17.506731
v -12.326707 83.075798 17.505419
v -12.327144 82.714790 16.633865
v -12.326707 81.843239 16.272858
v -7.553390 40.314667 33.572231
v -7.553390 39.953659 32.700676
v -7.553390 38.901604 33.933239
v -7.553390 39.953659 34.985294
v -7.553390 41.186222 33.933239
v -13.049464 41.186222 33.572231
v -13.410471 41.186222 32.700676
v -13.049464 40.314667 32.700676
v -12.177911 39.953659 32.700676
v -12.177911 40.314667 33.572231
v -12.177911 41.186222 33.933239
v -7.553390 40.314667 16.633867
v -7.553390 41.186222 16.272858
v -7.553390 39.953659 15.220800
v -7.553390 38.901604 16.272858
v -7.553390 39.953659 17.505419
v -13.049464 41.186222 16.633867
v -12.177911 41.186222 16.272858
v -12.177911 40.314667 16.633867
v -12.177911 39.953659 17.505419
v -13.049464 40.314667 17.505419
v -13.410471 41.186222 17.505419
v -7.553390 58.396614 33.572231
v -7.553390 57.525059 33.933239
v -7.553390 58.757622 34.985294
v -7.553390 59.809677 33.933239
v -7.553390 58.757622 32.700676
v -13.049464 58.396614 32.700676
v -13.410471 57.525059 32.700676
v -13.049464 57.525059 33.572231
v -12.177911 57.525059 33.933239
v -12.177911 58.396614 33.572231
v -12.177911 58.757622 32.700676
v -7.553390 58.396614 16.633867
v -7.553390 58.757622 17.505419
v -7.553390 59.809677 16.272858
v -7.553390 58.757622 15.220800
v -7.553390 57.525059 16.272858
v -13.049464 57.525059 16.633867
v -13.410471 57.525059 17.505419
v -13.049464 58.396614 17.505419
v -12.177911 58.757622 17.505419
v -12.177911 58.396614 16.633867
v -12.177911 57.525059 16.272858
v -7.553390 16.954163 33.572231
v -7.553390 16.593155 32.700676
v -7.553390 15.541099 33.933239
v -7.553390 16.593155 34.985294
v -7.553390 17.825718 33.933239
v -13.140875 17.825718 33.572231
v -13.501887 17.825718 32.700676
v -13.140875 16.954163 32.700676
v -12.269324 16.593155 32.700676
v -12.269324 16.954163 33.572231
v -12.269324 17.825718 33.933239
v -7.553390 16.954163 16.633867
v -7.553390 17.825718 16.272858
v -7.553390 16.593155 15.220800
v -7.553390 15.541099 16.272858
v -7.553390 16.593155 17.505419
v -13.140875 17.825718 16.633867
v -12.269324 17.825718 16.272858
v -12.269324 16.954163 16.633867
v -12.269324 16.593155 17.505419
v -13.140875 16.954163 17.505419
v -13.501887 17.825718 17.505419
v -7.553390 34.680752 33.572231
v -7.553390 33.809196 33.933239
v -7.553390 35.041759 34.985294
v -7.553390 36.093815 33.933239
v -7.553390 35.041759 32.700676
v -13.140875 34.680752 32.700676
v -13.501887 33.809196 32.700676
v -13.140875 33.809196 33.572231
v -12.269324 33.809196 33.933239
v -12.269324 34.680752 33.572231
v -12.269324 35.041759 32.700676
v -7.553390 34.680752 16.633867
v -7.553390 35.041759 17.505419
v -7.553390 36.093815 16.272858
v -7.553390 35.041759 15.220800
v -7.553390 33.809196 16.272858
v -13.140875 33.809196 16.633867
v -13.501887 33.809196 17.505419
v -13.140875 34.680752 17.505419
v -12.269324 35.041759 17.505419
v -12.269324 34.680752 16.633867
v -12.269324 33.809196 16.272858
v -13.123332 68.458107 16.699800
v -7.553387 62.966270 16.272858
v -13.035068 63.488640 16.782772
v -7.553387 62.966270 33.933239
v -13.034393 63.488602 33.423283
v -13.129678 68.463005 33.506542
v -7.553387 83.075798 33.933239
v -13.037020 82.554352 33.415173
v -7.553387 83.075798 16.272858
v -13.037020 82.554352 16.790922
v -7.553390 39.953659 33.933239
v -12.889281 40.474850 33.412048
v -7.553390 39.953659 16.272858
v -12.889281 40.474850 16.794048
v -7.553390 58.757622 33.933239
v -12.889281 58.236431 33.412048
v -7.553390 58.757622 16.272858
v -12.889281 58.236431 16.794048
v -7.553390 16.593155 33.933239
v -12.980695 17.114346 33.412048
v -7.553390 16.593155 16.272858
v -12.980695 17.114346 16.794048
v -7.553390 35.041759 33.933239
v -12.980695 34.520569 33.412048
v -7.553390 35.041759 16.272858
v -12.980695 34.520569 16.794048
vt 0.783842 0.951034
vt 0.783842 0.951663
vt 0.783616 0.951663
vt 0.783616 0.951034
vt 0.783842 0.951034
vt 0.783842 0.951663
vt 0.783616 0.951663
vt 0.783616 0.951034
vt 0.551608 0.399350
vt 0.568360 0.399350
vt 0.568360 0.417355
vt 0.554864 0.417355
vt 0.551608 0.414099
vt 0.554958 0.383479
vt 0.573915 0.383479
vt 0.551608 0.421170
vt 0.568360 0.474454
vt 0.554864 0.474454
vt 0.551608 0.470640
vt 0.551608 0.417355
vt 0.496948 0.399350
vt 0.547793 0.417355
vt 0.500763 0.417355
vt 0.496948 0.414099
vt 0.493102 0.383479
vt 0.550491 0.418472
vt 0.551608 0.477711
vt 0.568360 0.489657
vt 0.554864 0.489657
vt 0.551608 0.486401
vt 0.551608 0.474454
vt 0.550491 0.473337
vt 0.498066 0.418472
vt 0.496948 0.417355
vt 0.483972 0.399350
vt 0.493692 0.417355
vt 0.483972 0.417355
vt 0.478417 0.383479
vt 0.551608 0.493472
vt 0.568360 0.547856
vt 0.554864 0.547856
vt 0.551608 0.544042
vt 0.551608 0.489657
vt 0.496948 0.477711
vt 0.500763 0.474454
vt 0.547793 0.474454
vt 0.547793 0.489657
vt 0.500763 0.489657
vt 0.496948 0.486401
vt 0.496948 0.421170
vt 0.496948 0.470640
vt 0.493692 0.474454
vt 0.483972 0.474454
vt 0.550491 0.490774
vt 0.551608 0.551113
vt 0.568360 0.560882
vt 0.554864 0.560882
vt 0.551608 0.557626
vt 0.551608 0.547856
vt 0.550491 0.546739
vt 0.496948 0.474454
vt 0.498066 0.473337
vt 0.498066 0.490774
vt 0.496948 0.489657
vt 0.493692 0.489657
vt 0.483972 0.489657
vt 0.551608 0.578018
vt 0.551608 0.575320
vt 0.551608 0.564697
vt 0.568360 0.578018
vt 0.568360 0.623123
vt 0.554864 0.623123
vt 0.551608 0.619308
vt 0.551608 0.580715
vt 0.551608 0.560882
vt 0.496948 0.551113
vt 0.500763 0.547856
vt 0.547793 0.547856
vt 0.547793 0.560882
vt 0.500763 0.560882
vt 0.496948 0.557626
vt 0.496948 0.493472
vt 0.496948 0.544042
vt 0.493692 0.547856
vt 0.483972 0.547856
vt 0.550491 0.562000
vt 0.551608 0.626379
vt 0.568360 0.640460
vt 0.551608 0.640460
vt 0.551608 0.623123
vt 0.550491 0.622005
vt 0.496948 0.547856
vt 0.498066 0.546739
vt 0.498066 0.562000
vt 0.496948 0.560882
vt 0.493692 0.560882
vt 0.483972 0.560882
vt 0.573915 0.656330
vt 0.556171 0.656330
vt 0.554815 0.655656
vt 0.496948 0.626379
vt 0.500763 0.623123
vt 0.547793 0.623123
vt 0.496948 0.640460
vt 0.496948 0.564697
vt 0.496948 0.578018
vt 0.496948 0.580715
vt 0.496948 0.619308
vt 0.493692 0.623123
vt 0.483972 0.623123
vt 0.483972 0.578018
vt 0.496948 0.575320
vt 0.553271 0.662899
vt 0.553350 0.658933
vt 0.553564 0.656330
vt 0.555090 0.656960
vt 0.554286 0.658442
vt 0.494492 0.656330
vt 0.493265 0.655657
vt 0.496948 0.623123
vt 0.498066 0.622005
vt 0.483972 0.640460
vt 0.543508 0.683816
vt 0.542860 0.683089
vt 0.541297 0.682788
vt 0.554506 0.727529
vt 0.553274 0.727020
vt 0.506589 0.682786
vt 0.494702 0.658959
vt 0.494780 0.662965
vt 0.493784 0.658457
vt 0.492950 0.656955
vt 0.491889 0.656330
vt 0.478417 0.656330
vt 0.543591 0.722892
vt 0.542405 0.685631
vt 0.541882 0.684555
vt 0.540564 0.684092
vt 0.551774 0.727401
vt 0.553763 0.728424
vt 0.505020 0.683080
vt 0.507328 0.684094
vt 0.504369 0.683789
vt 0.494776 0.727011
vt 0.493544 0.727535
vt 0.542999 0.724369
vt 0.542346 0.722191
vt 0.541864 0.686350
vt 0.541378 0.685125
vt 0.555095 0.728012
vt 0.554612 0.729158
vt 0.551939 0.728878
vt 0.548153 0.727559
vt 0.505997 0.684558
vt 0.505469 0.685638
vt 0.504280 0.722902
vt 0.496251 0.727399
vt 0.494292 0.728429
vt 0.541562 0.724981
vt 0.541782 0.723527
vt 0.553433 0.729625
vt 0.496125 0.728881
vt 0.499814 0.727561
vt 0.505529 0.722176
vt 0.506496 0.685132
vt 0.506002 0.686373
vt 0.504876 0.724372
vt 0.493444 0.729171
vt 0.492947 0.728025
vt 0.506319 0.724981
vt 0.540463 0.724074
vt 0.494654 0.729641
vt 0.506092 0.723522
vt 0.507412 0.724073
vt 0.611175 0.918564
vt 0.611175 0.907839
vt 0.645388 0.907839
vt 0.645388 0.918564
vt 0.645388 0.946796
vt 0.611175 0.946796
vt 0.605969 0.915900
vt 0.605969 0.901910
vt 0.650594 0.901910
vt 0.650594 0.915900
vt 0.650594 0.952724
vt 0.605969 0.952724
vt 0.219114 0.840720
vt 0.184627 0.840720
vt 0.184627 0.804000
vt 0.219114 0.804000
vt 0.222563 0.844392
vt 0.181179 0.844392
vt 0.181179 0.800328
vt 0.222563 0.800328
vt 0.226702 0.848799
vt 0.177040 0.848799
vt 0.177040 0.795922
vt 0.226702 0.795922
vt 0.495269 0.938343
vt 0.461472 0.938343
vt 0.461472 0.903037
vt 0.495269 0.903037
vt 0.498649 0.941873
vt 0.458092 0.941873
vt 0.458092 0.899506
vt 0.498649 0.899506
vt 0.503201 0.946629
vt 0.453540 0.946629
vt 0.453540 0.894751
vt 0.503201 0.894751
vt 0.411001 0.755267
vt 0.411001 0.733271
vt 0.418018 0.741261
vt 0.418018 0.758857
vt 0.481167 0.733271
vt 0.474150 0.741261
vt 0.411001 0.813167
vt 0.418018 0.805177
vt 0.481167 0.755267
vt 0.474150 0.758857
vt 0.481167 0.813167
vt 0.474150 0.805177
vt 0.777163 0.817869
vt 0.706998 0.817869
vt 0.713430 0.811020
vt 0.770731 0.811020
vt 0.706998 0.743160
vt 0.713430 0.750008
vt 0.777163 0.743160
vt 0.770731 0.750008
vt 0.853378 0.816457
vt 0.783212 0.816457
vt 0.789644 0.809738
vt 0.846946 0.809738
vt 0.783212 0.743160
vt 0.789644 0.749879
vt 0.793464 0.805747
vt 0.843126 0.805747
vt 0.853378 0.743160
vt 0.846946 0.749879
vt 0.793464 0.753869
vt 0.843126 0.753869
vt 0.492565 0.844801
vt 0.492565 0.827204
vt 0.495371 0.830400
vt 0.495371 0.846237
vt 0.548697 0.827204
vt 0.545890 0.830400
vt 0.492565 0.891121
vt 0.495371 0.887925
vt 0.548697 0.844801
vt 0.545890 0.846237
vt 0.548697 0.891121
vt 0.545890 0.887925
vt 0.453361 0.877809
vt 0.396059 0.877809
vt 0.399879 0.873741
vt 0.449540 0.873741
vt 0.396059 0.816797
vt 0.399879 0.820864
vt 0.453361 0.816797
vt 0.449540 0.820864
vt 0.366959 0.690536
vt 0.369914 0.687580
vt 0.387238 0.687580
vt 0.387238 0.690536
vt 0.366959 0.669505
vt 0.369914 0.669505
vt 0.383058 0.673685
vt 0.457404 0.687580
vt 0.457404 0.690536
vt 0.366959 0.611605
vt 0.369914 0.611605
vt 0.369914 0.589609
vt 0.383058 0.585429
vt 0.383058 0.611605
vt 0.461583 0.673685
vt 0.469882 0.687580
vt 0.472837 0.690536
vt 0.366959 0.589609
vt 0.369914 0.572888
vt 0.383058 0.577068
vt 0.386014 0.611605
vt 0.386014 0.588385
vt 0.386014 0.670729
vt 0.458628 0.670729
vt 0.469882 0.669505
vt 0.472837 0.669505
vt 0.366959 0.572888
vt 0.369914 0.498179
vt 0.383058 0.494000
vt 0.461583 0.577068
vt 0.461583 0.585429
vt 0.458628 0.588385
vt 0.458628 0.611605
vt 0.461583 0.611605
vt 0.469882 0.589609
vt 0.469882 0.611605
vt 0.472837 0.611605
vt 0.366959 0.498179
vt 0.369914 0.478664
vt 0.383058 0.482844
vt 0.386014 0.574112
vt 0.386014 0.496955
vt 0.458628 0.574112
vt 0.469882 0.572888
vt 0.472837 0.589609
vt 0.366959 0.478664
vt 0.369914 0.405367
vt 0.383058 0.401188
vt 0.461583 0.494000
vt 0.461583 0.482844
vt 0.458628 0.496955
vt 0.469882 0.498179
vt 0.472837 0.572888
vt 0.366959 0.405367
vt 0.369914 0.386434
vt 0.387238 0.386434
vt 0.386014 0.479889
vt 0.386014 0.404143
vt 0.458628 0.479889
vt 0.469882 0.478664
vt 0.472837 0.498179
vt 0.366959 0.383479
vt 0.387238 0.383479
vt 0.461583 0.401188
vt 0.457404 0.386434
vt 0.458628 0.404143
vt 0.469882 0.405367
vt 0.472837 0.478664
vt 0.457404 0.383479
vt 0.469882 0.386434
vt 0.472837 0.405367
vt 0.472837 0.383479
vt 0.617561 0.830295
vt 0.617527 0.827976
vt 0.630152 0.842167
vt 0.629627 0.843359
vt 0.616087 0.827529
vt 0.615825 0.825796
vt 0.614472 0.826455
vt 0.615606 0.826834
vt 0.617434 0.826455
vt 0.631419 0.841674
vt 0.630836 0.844605
vt 0.631338 0.843411
vt 0.617579 0.895278
vt 0.629609 0.882316
vt 0.616333 0.896497
vt 0.681083 0.826455
vt 0.667101 0.841690
vt 0.632558 0.842911
vt 0.630831 0.881055
vt 0.618108 0.896515
vt 0.630140 0.883493
vt 0.616825 0.897753
vt 0.680983 0.827981
vt 0.668378 0.842180
vt 0.665960 0.842917
vt 0.631335 0.882248
vt 0.619384 0.897028
vt 0.631424 0.883981
vt 0.618016 0.898280
vt 0.680945 0.830309
vt 0.682925 0.826833
vt 0.684047 0.826455
vt 0.682673 0.825792
vt 0.682423 0.827533
vt 0.668906 0.843364
vt 0.667183 0.843417
vt 0.632557 0.882745
vt 0.679134 0.897027
vt 0.667095 0.883994
vt 0.680496 0.898278
vt 0.682169 0.896437
vt 0.680927 0.895264
vt 0.668887 0.882309
vt 0.667686 0.844606
vt 0.665958 0.882750
vt 0.680402 0.896511
vt 0.668362 0.883501
vt 0.681680 0.897734
vt 0.667677 0.881056
vt 0.667173 0.882252
vt 0.054966 0.376312
vt 0.055839 0.375290
vt 0.123650 0.394799
vt 0.123631 0.396031
vt 0.055155 0.374654
vt 0.054146 0.375721
vt 0.106610 0.317883
vt 0.125691 0.317883
vt 0.124703 0.395066
vt 0.124645 0.396262
vt 0.054403 0.376967
vt 0.123617 0.396816
vt 0.105611 0.317460
vt 0.053477 0.376399
vt 0.053822 0.374613
vt 0.054909 0.373336
vt 0.126700 0.317883
vt 0.125654 0.395159
vt 0.125625 0.396341
vt 0.124601 0.397024
vt 0.053105 0.375452
vt 0.050107 0.296335
vt 0.051270 0.296339
vt 0.127710 0.317883
vt 0.193790 0.395163
vt 0.193755 0.396342
vt 0.125611 0.397094
vt 0.049291 0.296325
vt 0.051229 0.295299
vt 0.050069 0.295311
vt 0.195856 0.317883
vt 0.194718 0.395067
vt 0.194725 0.396266
vt 0.193726 0.397094
vt 0.049256 0.295317
vt 0.050059 0.294319
vt 0.051217 0.294320
vt 0.196866 0.317883
vt 0.195808 0.394797
vt 0.195760 0.396044
vt 0.194738 0.397030
vt 0.049248 0.294307
vt 0.050988 0.101654
vt 0.051832 0.101135
vt 0.197875 0.317883
vt 0.269364 0.375593
vt 0.270378 0.376602
vt 0.195725 0.396840
vt 0.050316 0.101819
vt 0.051390 0.100198
vt 0.050905 0.100843
vt 0.212097 0.317883
vt 0.270113 0.374975
vt 0.271214 0.376022
vt 0.271026 0.377240
vt 0.098380 0.011943
vt 0.098317 0.015061
vt 0.213106 0.317465
vt 0.270395 0.373763
vt 0.271540 0.374953
vt 0.271927 0.376683
vt 0.213524 0.316455
vt 0.271984 0.296938
vt 0.273149 0.296944
vt 0.272277 0.375717
vt 0.271997 0.295928
vt 0.273162 0.295937
vt 0.273949 0.296947
vt 0.272010 0.294919
vt 0.273176 0.294932
vt 0.273962 0.295938
vt 0.273430 0.101760
vt 0.274297 0.102306
vt 0.273976 0.294929
vt 0.273861 0.100759
vt 0.274376 0.101435
vt 0.274965 0.102456
vt 0.224943 0.014079
vt 0.225014 0.011543
vt 0.789422 0.953052
vt 0.789472 0.951034
vt 0.789740 0.952460
vt 0.790376 0.953048
vt 0.292194 0.776354
vt 0.293941 0.774038
vt 0.294153 0.815329
vt 0.291456 0.815329
vt 0.292207 0.771690
vt 0.291660 0.773901
vt 0.294153 0.760718
vt 0.341184 0.760718
vt 0.341396 0.774038
vt 0.341184 0.815329
vt 0.294158 0.818026
vt 0.291942 0.817530
vt 0.291456 0.760718
vt 0.294166 0.758021
vt 0.341171 0.758021
vt 0.343881 0.760718
vt 0.343130 0.771723
vt 0.343143 0.776354
vt 0.343881 0.815329
vt 0.341180 0.818026
vt 0.291917 0.758520
vt 0.343420 0.758520
vt 0.343678 0.773916
vt 0.343395 0.817530
vt 0.105850 0.743712
vt 0.108548 0.743712
vt 0.108548 0.794282
vt 0.105850 0.794282
vt 0.105850 0.741014
vt 0.108052 0.741510
vt 0.105850 0.796979
vt 0.108052 0.796484
vt 0.058820 0.743712
vt 0.058820 0.794282
vt 0.058820 0.741014
vt 0.058820 0.796979
vt 0.056123 0.743712
vt 0.056123 0.794282
vt 0.056618 0.741510
vt 0.056618 0.796484
vt 0.145236 0.803474
vt 0.147933 0.803474
vt 0.147933 0.852944
vt 0.145236 0.852944
vt 0.145236 0.800777
vt 0.147438 0.801272
vt 0.145236 0.855642
vt 0.147438 0.855146
vt 0.098206 0.803474
vt 0.098206 0.852944
vt 0.098206 0.800777
vt 0.098206 0.855642
vt 0.095508 0.803474
vt 0.095508 0.852944
vt 0.096004 0.801272
vt 0.096004 0.855146
vt 0.152511 0.458864
vt 0.181286 0.454778
vt 0.181286 0.474145
vt 0.179661 0.475497
vt 0.154062 0.477688
vt 0.152511 0.476608
vt 0.200882 0.452558
vt 0.201837 0.453863
vt 0.201837 0.472944
vt 0.200878 0.474019
vt 0.182456 0.475278
vt 0.201837 0.452864
vt 0.322817 0.470868
vt 0.322771 0.401971
vt 0.201837 0.473953
vt 0.181286 0.477107
vt 0.201837 0.474963
vt 0.201837 0.543109
vt 0.200879 0.544044
vt 0.182454 0.542598
vt 0.181286 0.540755
vt 0.322751 0.401119
vt 0.322809 0.471862
vt 0.323708 0.401686
vt 0.323721 0.470843
vt 0.322794 0.540967
vt 0.322794 0.472908
vt 0.201837 0.544119
vt 0.181286 0.543719
vt 0.201837 0.545128
vt 0.201837 0.559350
vt 0.200882 0.560668
vt 0.181286 0.558448
vt 0.323707 0.400822
vt 0.323722 0.471853
vt 0.324714 0.401598
vt 0.324727 0.470830
vt 0.322791 0.542010
vt 0.323720 0.472898
vt 0.323720 0.540954
vt 0.322768 0.617853
vt 0.322786 0.543048
vt 0.201837 0.560359
vt 0.152511 0.540890
vt 0.154051 0.539828
vt 0.179653 0.542345
vt 0.152511 0.554362
vt 0.324710 0.400724
vt 0.324729 0.471850
vt 0.328953 0.401656
vt 0.329393 0.470871
vt 0.323718 0.541996
vt 0.324730 0.472892
vt 0.324730 0.540952
vt 0.322755 0.618727
vt 0.323719 0.543015
vt 0.323707 0.618177
vt 0.328719 0.400730
vt 0.329410 0.471854
vt 0.324707 0.541983
vt 0.329423 0.472864
vt 0.329415 0.540980
vt 0.323708 0.619060
vt 0.324694 0.542989
vt 0.324717 0.618286
vt 0.329395 0.541991
vt 0.324713 0.619173
vt 0.329374 0.542978
vt 0.329161 0.618279
vt 0.328956 0.619180
vt 0.151160 0.737385
vt 0.132203 0.737385
vt 0.134667 0.708609
vt 0.155246 0.708609
vt 0.070347 0.737385
vt 0.067518 0.708609
vt 0.136071 0.688059
vt 0.157575 0.688059
vt 0.055662 0.737385
vt 0.051577 0.708609
vt 0.065906 0.688059
vt 0.136071 0.625765
vt 0.157575 0.625765
vt 0.049248 0.688059
vt 0.065906 0.625765
vt 0.156351 0.622810
vt 0.136071 0.622810
vt 0.049248 0.625765
vt 0.065906 0.622810
vt 0.050472 0.622810
vt 0.150573 0.797147
vt 0.150573 0.741014
vt 0.158849 0.741014
vt 0.158849 0.797147
vt 0.136718 0.797147
vt 0.136718 0.741014
vt 0.144994 0.741014
vt 0.144994 0.797147
vt 0.657370 0.952555
vt 0.657370 0.902036
vt 0.691252 0.902036
vt 0.691252 0.952555
vt 0.698190 0.904983
vt 0.698190 0.949608
vt 0.705225 0.952555
vt 0.705225 0.902036
vt 0.739108 0.902036
vt 0.739108 0.952555
vt 0.746046 0.904983
vt 0.746046 0.949608
vt 0.181241 0.792068
vt 0.181241 0.734767
vt 0.192474 0.734767
vt 0.192474 0.792068
vt 0.164429 0.792068
vt 0.164429 0.734767
vt 0.175661 0.734767
vt 0.175661 0.792068
vt 0.753081 0.947404
vt 0.753081 0.897742
vt 0.786044 0.897742
vt 0.786044 0.947404
vt 0.792075 0.947404
vt 0.792075 0.897742
vt 0.825037 0.897742
vt 0.825037 0.947404
vt 0.831068 0.945992
vt 0.831068 0.896330
vt 0.871667 0.896330
vt 0.871667 0.945992
vt 0.878924 0.945992
vt 0.878924 0.896330
vt 0.919522 0.896330
vt 0.919522 0.945992
vt 0.795956 0.977105
vt 0.795956 0.967789
vt 0.803055 0.952331
vt 0.803863 0.951505
vt 0.803584 0.959563
vt 0.802707 0.962406
vt 0.803649 0.951034
vt 0.820235 0.971053
vt 0.820235 0.980370
vt 0.810224 0.960191
vt 0.809443 0.956346
vt 0.809745 0.951034
vt 0.810700 0.951834
vt 0.809587 0.958912
vt 0.217610 0.622810
vt 0.220566 0.624034
vt 0.220566 0.644314
vt 0.217610 0.644314
vt 0.220566 0.714479
vt 0.217610 0.714479
vt 0.166484 0.644314
vt 0.164633 0.643304
vt 0.164633 0.624223
vt 0.166497 0.622810
vt 0.220566 0.729913
vt 0.217610 0.731137
vt 0.166484 0.714479
vt 0.164633 0.713469
vt 0.164633 0.645323
vt 0.164633 0.644314
vt 0.164633 0.623224
vt 0.166422 0.731137
vt 0.164633 0.729710
vt 0.164633 0.715488
vt 0.164633 0.714479
vt 0.164633 0.730719
vt 0.906108 0.380612
vt 0.906108 0.450777
vt 0.859427 0.450777
vt 0.859427 0.380612
vt 0.909064 0.452002
vt 0.909064 0.379388
vt 0.952098 0.456856
vt 0.952098 0.527021
vt 0.905416 0.527021
vt 0.905416 0.456856
vt 0.955053 0.455632
vt 0.955053 0.528245
vt 0.896881 0.821311
vt 0.896881 0.891476
vt 0.849939 0.891476
vt 0.849939 0.821311
vt 0.899837 0.892701
vt 0.899837 0.820087
vt 0.841404 0.821311
vt 0.841404 0.891476
vt 0.794462 0.891476
vt 0.794462 0.821311
vt 0.844360 0.820087
vt 0.844360 0.892701
vt 0.785927 0.822723
vt 0.785927 0.892888
vt 0.742045 0.892888
vt 0.742045 0.822723
vt 0.788883 0.894112
vt 0.788883 0.821499
vt 0.733509 0.827017
vt 0.733509 0.897182
vt 0.689627 0.897182
vt 0.689627 0.827017
vt 0.736465 0.825792
vt 0.736465 0.898406
vt 0.607559 0.828356
vt 0.608858 0.828918
vt 0.608856 0.891398
vt 0.607559 0.891945
vt 0.607672 0.827204
vt 0.608893 0.827727
vt 0.607636 0.893091
vt 0.608882 0.892582
vt 0.581988 0.830576
vt 0.582027 0.889355
vt 0.582138 0.829396
vt 0.582148 0.890565
vt 0.886102 0.950235
vt 0.886110 0.951423
vt 0.860536 0.951300
vt 0.860568 0.950126
vt 0.887302 0.950955
vt 0.887296 0.949734
vt 0.886110 0.983879
vt 0.860563 0.983814
vt 0.859364 0.950940
vt 0.859363 0.949622
vt 0.887302 0.984357
vt 0.886104 0.985067
vt 0.860593 0.985007
vt 0.859372 0.984176
vt 0.887298 0.985581
vt 0.859371 0.985507
vt 0.852599 0.951536
vt 0.852599 0.952722
vt 0.827068 0.952823
vt 0.827057 0.951606
vt 0.853780 0.952249
vt 0.853784 0.951034
vt 0.852599 0.985183
vt 0.827068 0.985243
vt 0.825815 0.952512
vt 0.825825 0.951192
vt 0.853780 0.985650
vt 0.852598 0.986369
vt 0.827041 0.986460
vt 0.825814 0.985563
vt 0.853783 0.986871
vt 0.825820 0.986882
vt 0.329216 0.821656
vt 0.329216 0.824354
vt 0.314443 0.824354
vt 0.314433 0.821656
vt 0.329216 0.871384
vt 0.314443 0.871384
vt 0.311745 0.824366
vt 0.312250 0.822117
vt 0.329216 0.874081
vt 0.314438 0.874081
vt 0.311745 0.871371
vt 0.312252 0.873620
vt 0.354030 0.843775
vt 0.354030 0.846473
vt 0.339257 0.846473
vt 0.339255 0.843775
vt 0.354030 0.893503
vt 0.339257 0.893503
vt 0.336559 0.846477
vt 0.337058 0.844262
vt 0.354030 0.896201
vt 0.339255 0.896201
vt 0.336559 0.893499
vt 0.337058 0.895715
vt 0.378384 0.893503
vt 0.378384 0.896201
vt 0.364071 0.896201
vt 0.364071 0.893503
vt 0.361373 0.893503
vt 0.361869 0.895705
vt 0.364071 0.846473
vt 0.378384 0.846473
vt 0.361373 0.846473
vt 0.378384 0.843775
vt 0.364071 0.843775
vt 0.361869 0.844271
vt 0.401426 0.881439
vt 0.401426 0.884136
vt 0.387112 0.884136
vt 0.387112 0.881439
vt 0.401426 0.931166
vt 0.387112 0.931166
vt 0.384415 0.884136
vt 0.384911 0.881934
vt 0.401426 0.933864
vt 0.387112 0.933864
vt 0.384415 0.931166
vt 0.384911 0.933368
vt 0.424750 0.931166
vt 0.424750 0.933864
vt 0.410154 0.933864
vt 0.410154 0.931166
vt 0.407457 0.931166
vt 0.407952 0.933368
vt 0.410154 0.884136
vt 0.424750 0.884136
vt 0.407457 0.884136
vt 0.424750 0.881439
vt 0.410154 0.881439
vt 0.407952 0.881934
vt 0.447792 0.881439
vt 0.447792 0.884136
vt 0.433196 0.884136
vt 0.433196 0.881439
vt 0.447792 0.931166
vt 0.433196 0.931166
vt 0.430498 0.884136
vt 0.430994 0.881934
vt 0.447792 0.933864
vt 0.433196 0.933864
vt 0.430498 0.931166
vt 0.430994 0.933368
vt 0.488988 0.045741
vt 0.512467 0.029870
vt 0.512467 0.050246
vt 0.488988 0.063746
vt 0.541243 0.018197
vt 0.541243 0.040316
vt 0.512467 0.114862
vt 0.488988 0.120846
vt 0.561793 0.011543
vt 0.561793 0.034656
vt 0.541243 0.110462
vt 0.512467 0.132066
vt 0.488988 0.136048
vt 0.624086 0.011543
vt 0.624086 0.034656
vt 0.561793 0.107953
vt 0.541243 0.129138
vt 0.512467 0.197928
vt 0.488988 0.194248
vt 0.627042 0.012767
vt 0.627042 0.034656
vt 0.624086 0.107953
vt 0.561793 0.127468
vt 0.541243 0.200634
vt 0.512467 0.212668
vt 0.488988 0.207274
vt 0.627042 0.107953
vt 0.624086 0.127468
vt 0.561793 0.202177
vt 0.541243 0.216636
vt 0.488988 0.224409
vt 0.512467 0.232059
vt 0.512467 0.283102
vt 0.488988 0.269514
vt 0.627042 0.127468
vt 0.624086 0.202177
vt 0.561793 0.218898
vt 0.541243 0.237686
vt 0.541243 0.293097
vt 0.512467 0.302722
vt 0.488988 0.286851
vt 0.627042 0.202177
vt 0.624086 0.218898
vt 0.561793 0.240894
vt 0.561793 0.298794
vt 0.541243 0.314395
vt 0.627042 0.218898
vt 0.624086 0.240894
vt 0.624086 0.298794
vt 0.571109 0.298794
vt 0.561793 0.319605
vt 0.560838 0.320740
vt 0.627042 0.240894
vt 0.627042 0.298794
vt 0.572973 0.321049
vt 0.571109 0.319605
vt 0.624086 0.321049
vt 0.561793 0.320626
vt 0.627042 0.319824
vt 0.571109 0.320626
vt 0.682687 0.378033
vt 0.682707 0.379074
vt 0.683669 0.378397
vt 0.683663 0.379408
vt 0.682694 0.299518
vt 0.683652 0.299506
vt 0.684663 0.378539
vt 0.684666 0.379529
vt 0.682694 0.298484
vt 0.683654 0.298480
vt 0.684643 0.299491
vt 0.688453 0.378617
vt 0.688675 0.379565
vt 0.682694 0.297452
vt 0.683657 0.297451
vt 0.684651 0.298474
vt 0.688223 0.299490
vt 0.682666 0.104529
vt 0.683525 0.104942
vt 0.684666 0.297450
vt 0.688222 0.298483
vt 0.683075 0.103499
vt 0.683650 0.104015
vt 0.684673 0.105049
vt 0.688224 0.297473
vt 0.684064 0.103072
vt 0.684538 0.103871
vt 0.688473 0.104985
vt 0.687103 0.103068
vt 0.688089 0.103943
vt 0.688911 0.103364
vt 0.689178 0.104009
vt 0.689593 0.104819
vt 0.281614 0.327645
vt 0.305092 0.341146
vt 0.305092 0.361522
vt 0.281614 0.345651
vt 0.281614 0.270546
vt 0.305092 0.276529
vt 0.333868 0.351075
vt 0.333868 0.373195
vt 0.281614 0.255343
vt 0.305092 0.259325
vt 0.333868 0.280930
vt 0.354418 0.356736
vt 0.354418 0.379849
vt 0.281614 0.197144
vt 0.305092 0.193464
vt 0.333868 0.262254
vt 0.354418 0.283439
vt 0.416712 0.356736
vt 0.416712 0.379849
vt 0.281614 0.184118
vt 0.305092 0.178723
vt 0.333868 0.190758
vt 0.354418 0.263924
vt 0.416712 0.283439
vt 0.419667 0.378624
vt 0.419667 0.356736
vt 0.305092 0.159333
vt 0.281614 0.166983
vt 0.281614 0.121878
vt 0.305092 0.108289
vt 0.333868 0.174756
vt 0.354418 0.189215
vt 0.416712 0.263924
vt 0.419667 0.283439
vt 0.333868 0.153706
vt 0.333868 0.098295
vt 0.281614 0.104541
vt 0.305092 0.088670
vt 0.354418 0.172494
vt 0.416712 0.189215
vt 0.419667 0.263924
vt 0.354418 0.150498
vt 0.354418 0.092598
vt 0.333868 0.076997
vt 0.416712 0.172494
vt 0.419667 0.189215
vt 0.416712 0.150498
vt 0.363734 0.092598
vt 0.416712 0.092598
vt 0.353463 0.070652
vt 0.354418 0.071771
vt 0.419667 0.172494
vt 0.419667 0.150498
vt 0.363734 0.071771
vt 0.365523 0.070343
vt 0.416712 0.070343
vt 0.419667 0.092598
vt 0.354418 0.070761
vt 0.363734 0.070761
vt 0.419667 0.071567
vt 0.475336 0.012021
vt 0.475323 0.013060
vt 0.476296 0.012702
vt 0.476290 0.011687
vt 0.476292 0.091261
vt 0.475354 0.091280
vt 0.477295 0.011567
vt 0.477291 0.012565
vt 0.477295 0.091251
vt 0.475342 0.092303
vt 0.476289 0.092293
vt 0.481538 0.011543
vt 0.481338 0.012509
vt 0.481154 0.091279
vt 0.477295 0.092287
vt 0.476286 0.093324
vt 0.475330 0.093326
vt 0.481153 0.092288
vt 0.477295 0.093324
vt 0.476151 0.285830
vt 0.475303 0.286255
vt 0.481152 0.093297
vt 0.477301 0.285719
vt 0.475710 0.287246
vt 0.476278 0.286725
vt 0.481402 0.285770
vt 0.477168 0.286869
vt 0.476702 0.287677
vt 0.480941 0.286845
vt 0.479789 0.287765
vt 0.482533 0.285919
vt 0.482072 0.286791
vt 0.481726 0.287467
vt 0.568132 0.844801
vt 0.568132 0.827204
vt 0.576408 0.827204
vt 0.576408 0.844801
vt 0.568132 0.891121
vt 0.576408 0.891121
vt 0.554277 0.891121
vt 0.554277 0.873524
vt 0.562552 0.873524
vt 0.562552 0.891121
vt 0.554277 0.827204
vt 0.562552 0.827204
vt 0.244755 0.724813
vt 0.244755 0.708976
vt 0.278637 0.708976
vt 0.278637 0.724813
vt 0.285575 0.712331
vt 0.285876 0.726321
vt 0.244755 0.766501
vt 0.278637 0.766501
vt 0.285575 0.763145
vt 0.198053 0.792292
vt 0.198053 0.776455
vt 0.231936 0.776455
vt 0.231936 0.792292
vt 0.198053 0.734767
vt 0.231936 0.734767
vt 0.239175 0.774947
vt 0.238874 0.788936
vt 0.238874 0.738122
vt 0.475753 0.877809
vt 0.475753 0.816797
vt 0.486985 0.816797
vt 0.486985 0.877809
vt 0.458940 0.877809
vt 0.458940 0.816797
vt 0.470173 0.816797
vt 0.470173 0.877809
vt 0.233758 0.848799
vt 0.233758 0.795922
vt 0.266721 0.795922
vt 0.266721 0.848799
vt 0.272752 0.874533
vt 0.272752 0.821656
vt 0.305714 0.821656
vt 0.305714 0.874533
vt 0.510258 0.946629
vt 0.510258 0.894751
vt 0.550856 0.894751
vt 0.550856 0.946629
vt 0.558113 0.948599
vt 0.558113 0.896721
vt 0.598712 0.896721
vt 0.598712 0.948599
vt 0.344247 0.731171
vt 0.344247 0.753167
vt 0.297566 0.753167
vt 0.297566 0.731171
vt 0.347203 0.731171
vt 0.347203 0.754391
vt 0.344247 0.673271
vt 0.297566 0.673271
vt 0.347203 0.672047
vt 0.400965 0.695390
vt 0.400965 0.717386
vt 0.354284 0.717386
vt 0.354284 0.695390
vt 0.403920 0.717386
vt 0.403920 0.694166
vt 0.400965 0.775286
vt 0.354284 0.775286
vt 0.403920 0.776510
vt 0.534158 0.734495
vt 0.534158 0.809204
vt 0.487216 0.809204
vt 0.487216 0.734495
vt 0.537114 0.733271
vt 0.537114 0.810428
vt 0.590876 0.747641
vt 0.590876 0.822350
vt 0.543934 0.822350
vt 0.543934 0.747641
vt 0.593831 0.823574
vt 0.593831 0.746417
vt 0.644534 0.747641
vt 0.644534 0.820938
vt 0.600652 0.820938
vt 0.600652 0.747641
vt 0.647490 0.746417
vt 0.647490 0.822163
vt 0.697707 0.747641
vt 0.697707 0.820938
vt 0.653825 0.820938
vt 0.653825 0.747641
vt 0.700663 0.822163
vt 0.700663 0.746417
vt 0.254790 0.633194
vt 0.256098 0.634927
vt 0.255269 0.703896
vt 0.254126 0.704123
vt 0.254004 0.705346
vt 0.255224 0.705152
vt 0.228624 0.693862
vt 0.229191 0.622810
vt 0.228469 0.695008
vt 0.226668 0.624292
vt 0.227490 0.693379
vt 0.291563 0.693192
vt 0.290249 0.694932
vt 0.289524 0.624106
vt 0.290717 0.624288
vt 0.264647 0.705318
vt 0.264069 0.634248
vt 0.289435 0.622810
vt 0.290680 0.622990
vt 0.262117 0.703816
vt 0.262948 0.634738
vt 0.263946 0.633102
vt 0.953845 0.569025
vt 0.953859 0.570218
vt 0.928324 0.570546
vt 0.928349 0.569321
vt 0.955042 0.569518
vt 0.955053 0.570712
vt 0.953539 0.533587
vt 0.927958 0.533836
vt 0.954727 0.533068
vt 0.927123 0.570040
vt 0.926777 0.533481
vt 0.953533 0.532394
vt 0.927976 0.532661
vt 0.954718 0.531875
vt 0.926755 0.532144
vt 0.919982 0.950109
vt 0.919969 0.951300
vt 0.894492 0.951030
vt 0.894471 0.949789
vt 0.921165 0.950811
vt 0.921176 0.949622
vt 0.919663 0.986743
vt 0.894109 0.986462
vt 0.920850 0.987262
vt 0.919656 0.987934
vt 0.894113 0.987658
vt 0.893253 0.950295
vt 0.892907 0.986833
vt 0.920840 0.988457
vt 0.892882 0.988178
vt 0.579495 0.441409
vt 0.579495 0.440388
vt 0.697538 0.383195
vt 0.697102 0.384513
vt 0.579495 0.462220
vt 0.697024 0.461509
vt 0.594953 0.462260
vt 0.697036 0.462550
vt 0.596250 0.462854
vt 0.697046 0.463528
vt 0.596788 0.464283
vt 0.698008 0.656714
vt 0.596788 0.742787
vt 0.948836 0.295177
vt 0.948836 0.296209
vt 0.843932 0.295887
vt 0.844469 0.294458
vt 0.948836 0.297242
vt 0.842635 0.296481
vt 0.844469 0.012883
vt 0.948808 0.102254
vt 0.948829 0.375758
vt 0.827935 0.317330
vt 0.827935 0.296519
vt 0.949217 0.101224
vt 0.844920 0.011936
vt 0.950206 0.100796
vt 0.846008 0.011544
vt 0.849507 0.011543
vt 0.953245 0.100793
vt 0.955053 0.101089
vt 0.853069 0.012834
vt 0.817299 0.089763
vt 0.817287 0.090786
vt 0.717820 0.091618
vt 0.716541 0.091029
vt 0.817275 0.091809
vt 0.718350 0.093044
vt 0.696363 0.091081
vt 0.696363 0.070254
vt 0.817268 0.011543
vt 0.817248 0.284738
vt 0.718350 0.374820
vt 0.817655 0.285729
vt 0.718778 0.375806
vt 0.818647 0.286160
vt 0.719811 0.376215
vt 0.821734 0.286248
vt 0.722925 0.376216
vt 0.823671 0.285950
vt 0.725599 0.375166
vt 0.821466 0.660686
vt 0.821466 0.661695
vt 0.724085 0.660856
vt 0.724615 0.659430
vt 0.821465 0.662705
vt 0.722807 0.661444
vt 0.724615 0.379846
vt 0.822355 0.467527
vt 0.821522 0.739530
vt 0.703587 0.682222
vt 0.703587 0.661395
vt 0.355059 0.668669
vt 0.352492 0.668077
vt 0.353022 0.666651
vt 0.360271 0.384528
vt 0.361379 0.387064
vt 0.361379 0.666648
vt 0.360371 0.668667
vt 0.353022 0.384875
vt 0.353450 0.383888
vt 0.354483 0.383480
vt 0.357597 0.383479
vt 0.337846 0.383484
vt 0.336837 0.385502
vt 0.336300 0.384073
vt 0.337288 0.668024
vt 0.336837 0.667077
vt 0.345904 0.383485
vt 0.346912 0.385504
vt 0.346912 0.664008
vt 0.345437 0.667126
vt 0.341875 0.668417
vt 0.338376 0.668416
vt 0.335003 0.383479
vt 0.346375 0.384075
vt 0.390479 0.821430
vt 0.390479 0.824128
vt 0.375804 0.824151
vt 0.375772 0.821384
vt 0.390479 0.826825
vt 0.375837 0.826919
vt 0.372762 0.821813
vt 0.373240 0.824265
vt 0.375706 0.782838
vt 0.390479 0.782838
vt 0.390479 0.837448
vt 0.375706 0.837448
vt 0.372782 0.826476
vt 0.373008 0.782838
vt 0.390479 0.780140
vt 0.375704 0.780140
vt 0.390479 0.840146
vt 0.375696 0.840145
vt 0.373008 0.837448
vt 0.373507 0.780637
vt 0.373513 0.839646
vt 0.367182 0.780140
vt 0.367182 0.782838
vt 0.352408 0.782838
vt 0.352404 0.780140
vt 0.367182 0.793460
vt 0.352474 0.793414
vt 0.349711 0.782838
vt 0.350218 0.780639
vt 0.367182 0.796158
vt 0.352474 0.796158
vt 0.349461 0.793842
vt 0.367182 0.798855
vt 0.352474 0.798902
vt 0.349923 0.796035
vt 0.367182 0.837448
vt 0.352408 0.837448
vt 0.349465 0.798473
vt 0.367182 0.840146
vt 0.352407 0.840146
vt 0.349711 0.837448
vt 0.350210 0.839649
vt 0.131138 0.741014
vt 0.131138 0.743712
vt 0.116825 0.743712
vt 0.116825 0.741014
vt 0.131138 0.794282
vt 0.116825 0.794282
vt 0.114127 0.743712
vt 0.114623 0.741510
vt 0.131138 0.796979
vt 0.116825 0.796979
vt 0.114127 0.794282
vt 0.114623 0.796484
vt 0.066259 0.853876
vt 0.066259 0.856574
vt 0.051945 0.856574
vt 0.051945 0.853876
vt 0.049248 0.853876
vt 0.049744 0.856078
vt 0.051945 0.803307
vt 0.066259 0.803307
vt 0.049248 0.803307
vt 0.066259 0.800609
vt 0.051945 0.800609
vt 0.049744 0.801105
vt 0.089760 0.800609
vt 0.089760 0.803307
vt 0.075164 0.803307
vt 0.075164 0.800609
vt 0.089760 0.852777
vt 0.075164 0.852777
vt 0.072467 0.803307
vt 0.072962 0.801105
vt 0.089760 0.855474
vt 0.075164 0.855474
vt 0.072467 0.852777
vt 0.072962 0.854978
vt 0.171292 0.852944
vt 0.171292 0.855642
vt 0.156696 0.855642
vt 0.156696 0.852944
vt 0.153998 0.852944
vt 0.154494 0.855146
vt 0.156696 0.803474
vt 0.171292 0.803474
vt 0.153998 0.803474
vt 0.171292 0.800777
vt 0.156696 0.800777
vt 0.154494 0.801272
vn -0.230235 0.000000 0.973135
vn -0.165384 0.000000 0.986229
vn -0.172986 0.000000 0.984924
vn -0.230235 0.000000 0.973135
vn -0.560028 0.828474 0.000001
vn -0.452040 0.891998 -0.000000
vn -0.467184 0.884160 -0.000000
vn -0.560028 0.828474 0.000001
vn -0.560028 0.828474 0.000001
vn -0.230235 0.000000 -0.973135
vn -0.172986 0.000000 -0.984924
vn -0.165384 0.000000 -0.986229
vn -0.230235 0.000000 -0.973135
vn -0.560028 -0.828474 -0.000000
vn -0.458514 -0.888687 -0.000000
vn -0.451952 -0.892042 0.000000
vn -0.560028 -0.828474 0.000000
vn -1.000000 -0.000000 0.000000
vn -1.000000 -0.000000 0.000000
vn -1.000000 -0.000000 0.000000
vn -1.000000 -0.000000 0.000000
vn -1.000000 -0.000000 0.000000
vn -0.344711 0.938709 -0.000002
vn -0.346629 0.938002 -0.000002
vn -0.375903 0.926659 -0.000001
vn -0.375903 0.926659 -0.000001
vn -0.127142 0.000000 -0.991885
vn -0.125335 0.000000 -0.992115
vn -0.346445 -0.938070 -0.000000
vn -0.344695 -0.938715 0.000000
vn -0.125335 0.000000 0.992115
vn -0.127142 0.000000 0.991885
vn -0.308047 0.951371 -0.000002
vn -0.500561 0.847616 0.176027
vn -0.497969 0.850776 0.167952
vn -0.308047 0.951371 -0.000000
vn -0.308047 0.951371 -0.000000
vn -0.025755 0.000000 -0.999668
vn -0.023295 0.000000 -0.999729
vn -0.077464 -0.996995 -0.000000
vn -0.074653 -0.997210 0.000000
vn -0.023296 0.000000 0.999729
vn -0.025755 0.000000 0.999668
vn -0.560028 0.828474 -0.000000
vn -0.560028 0.828474 -0.000000
vn -0.467480 0.884004 -0.000002
vn -0.452065 0.891985 -0.000002
vn -0.560028 0.828474 -0.000003
vn -1.000000 0.000000 0.000000
vn -1.000000 -0.000000 0.000000
vn -1.000000 -0.000000 0.000000
vn -1.000000 0.000000 0.000000
vn -1.000000 0.000000 0.000000
vn -0.560028 -0.828474 0.000000
vn -0.451952 -0.892042 0.000000
vn -0.457487 -0.889216 0.000000
vn -0.560028 -0.828474 -0.000000
vn -0.346173 -0.938171 -0.000000
vn -0.344695 -0.938715 0.000000
vn -0.077027 -0.997029 0.000000
vn -0.074653 -0.997210 0.000000
vn -0.560028 0.828474 0.000000
vn -0.560028 0.828474 0.000000
vn -1.000000 -0.000000 0.000000
vn -1.000000 -0.000000 0.000000
vn -0.125345 0.000000 0.992113
vn -0.127014 0.000000 0.991901
vn -0.222575 0.017365 0.974761
vn -0.392091 0.036028 0.919221
vn -0.112606 0.000000 0.993640
vn -0.165383 0.000000 0.986229
vn -0.172422 0.000000 0.985023
vn -0.230235 0.000000 0.973135
vn -0.230235 0.000000 0.973135
vn -1.000000 -0.000000 0.000001
vn -1.000000 -0.000000 0.000001
vn -1.000000 -0.000000 0.000000
vn -1.000000 -0.000000 0.000000
vn -1.000000 -0.000000 0.000000
vn -0.230235 0.000000 -0.973135
vn -0.165384 0.000000 -0.986229
vn -0.172422 0.000000 -0.985023
vn -0.230235 0.000000 -0.973135
vn -0.127014 -0.000000 -0.991901
vn -0.125345 -0.000000 -0.992113
vn -0.239631 0.007593 -0.970834
vn -0.112606 -0.000000 -0.993640
vn -0.420874 0.018119 -0.906938
vn -0.128530 0.000000 0.991706
vn -0.129219 0.000000 0.991616
vn -0.028581 0.000000 0.999591
vn -0.027645 0.000000 0.999618
vn -0.179173 0.000000 0.983818
vn -0.182408 0.000000 0.983223
vn -0.230235 0.000000 0.973135
vn -0.230235 0.000000 0.973135
vn -0.179173 0.000000 -0.983818
vn -0.182408 0.000000 -0.983223
vn -0.230235 0.000000 -0.973135
vn -0.230235 0.000000 -0.973135
vn -0.128530 0.000000 -0.991706
vn -0.129219 0.000000 -0.991616
vn -0.027645 0.000000 -0.999618
vn -0.028581 0.000000 -0.999591
vn 0.996598 0.000123 0.082422
vn 0.986682 -0.155240 0.048584
vn 0.986681 -0.155240 -0.048584
vn 0.996598 0.000123 -0.082422
vn 0.982721 0.142326 -0.118334
vn 0.982721 0.142326 0.118334
vn -0.128063 -0.000000 0.991766
vn -0.027012 0.000000 0.999635
vn -0.176992 -0.000000 0.984212
vn -0.230235 -0.000000 0.973135
vn -1.000000 0.000000 0.000000
vn -1.000000 0.000000 0.000000
vn -1.000000 0.000001 0.000000
vn -1.000000 0.000001 0.000000
vn -1.000000 0.000000 0.000001
vn -1.000000 0.000000 0.000001
vn -0.176992 -0.000000 -0.984212
vn -0.230235 -0.000000 -0.973135
vn -0.128063 -0.000000 -0.991766
vn -0.027012 0.000000 -0.999635
vn -0.128063 -0.000000 0.991766
vn -0.027013 0.000000 0.999635
vn -0.176996 -0.000000 0.984212
vn -0.230235 -0.000000 0.973135
vn -1.000000 0.000000 0.000000
vn -1.000000 0.000000 0.000000
vn -1.000000 0.000000 0.000000
vn -1.000000 0.000000 0.000000
vn -0.176996 -0.000000 -0.984212
vn -0.230235 -0.000000 -0.973135
vn -0.128063 -0.000000 -0.991766
vn -0.027013 0.000000 -0.999635
vn 1.000000 0.000000 0.000000
vn 1.000000 0.000000 0.000000
vn 1.000000 0.000000 0.000000
vn 1.000000 0.000000 0.000000
vn -0.129207 0.000000 0.991618
vn -0.028565 0.000000 0.999592
vn -0.182344 0.000000 0.983235
vn -0.230235 0.000000 0.973135
vn -1.000000 0.000000 0.000000
vn -1.000000 0.000000 0.000000
vn -1.000000 -0.000000 0.000000
vn -1.000000 -0.000000 0.000000
vn -0.182344 0.000000 -0.983235
vn -0.230235 0.000000 -0.973135
vn -0.129207 0.000000 -0.991618
vn -0.028564 0.000000 -0.999592
vn -1.000000 0.000000 0.000000
vn -1.000000 0.000000 0.000000
vn 1.000000 0.000000 0.000000
vn 1.000000 0.000000 0.000000
vn 1.000000 0.000000 0.000000
vn 1.000000 0.000000 0.000000
vn 0.000000 0.000000 0.000000
vn 0.000000 0.000000 0.000000
vn 0.000000 0.000000 0.000000
vn 0.000000 0.000000 0.000000
vn 0.000000 0.000000 0.000000
vn 0.000000 0.000000 0.000000
vn 0.000000 0.000000 0.000000
vn 0.000000 0.000000 0.000000
vn 0.000000 0.000000 0.000000
vn 0.000000 0.000000 0.000000
vn 0.000000 0.000000 0.000000
vn 0.000000 0.000000 0.000000
vn 0.000000 0.000000 0.000000
vn 0.000000 0.000000 0.000000
vn 0.000000 0.000000 0.000000
vn 0.000000 0.000000 0.000000
vn 1.000000 0.000000 0.000000
vn 1.000000 0.000000 0.000000
vn 1.000000 0.000000 0.000000
vn 1.000000 0.000000 0.000000
vn 1.000000 0.000000 0.000000
vn 1.000000 0.000000 0.000000
vn 1.000000 0.000000 0.000000
vn 1.000000 0.000000 0.000000
vn 1.000000 -0.000000 0.000000
vn 1.000000 -0.000000 0.000000
vn 1.000000 -0.000000 0.000000
vn 1.000000 -0.000000 0.000000
vn 1.000000 0.000000 0.000000
vn 1.000000 0.000000 0.000000
vn 1.000000 0.000000 0.000000
vn 1.000000 0.000000 0.000000
vn 1.000000 -0.000000 0.000000
vn 1.000000 -0.000000 0.000000
vn 1.000000 -0.000000 0.000000
vn 1.000000 -0.000000 0.000000
vn 1.000000 0.000000 0.000000
vn 1.000000 0.000000 0.000000
vn 1.000000 0.000000 0.000000
vn 1.000000 0.000000 0.000000
vn 1.000000 -0.000000 0.000000
vn 1.000000 0.000000 0.000000
vn 1.000000 -0.000000 0.000000
vn 1.000000 0.000000 0.000000
vn 0.000000 0.000000 1.000000
vn 0.000000 0.000000 1.000000
vn 0.000000 0.000000 1.000000
vn 0.000000 0.000000 1.000000
vn 0.000000 -1.000000 0.000000
vn 0.000000 -1.000000 0.000000
vn 0.000000 -1.000000 0.000000
vn 0.000000 -1.000000 0.000000
vn 0.000000 0.000000 -1.000000
vn 0.000000 0.000000 -1.000000
vn 0.000000 0.000000 -1.000000
vn 0.000000 0.000000 -1.000000
vn 0.000000 0.000000 -1.000000
vn 0.000000 0.000000 -1.000000
vn 0.000000 1.000000 0.000000
vn 0.000000 1.000000 0.000000
vn 0.000000 1.000000 0.000000
vn 0.000000 1.000000 0.000000
vn 0.000000 0.000000 1.000000
vn 0.000000 0.000000 1.000000
vn 1.000000 0.000000 0.000000
vn 1.000000 -0.000001 0.000000
vn 1.000000 -0.000001 0.000000
vn 1.000000 0.000000 0.000000
vn 1.000000 -0.000001 0.000000
vn 1.000000 -0.000001 0.000000
vn 1.000000 0.000000 0.000000
vn 1.000000 0.000000 0.000000
vn 1.000000 0.000000 0.000000
vn 1.000000 0.000000 0.000000
vn 1.000000 0.000000 0.000000
vn 1.000000 0.000000 0.000000
vn 0.000000 0.000000 1.000000
vn 0.000000 0.000000 1.000000
vn 0.000000 0.000000 1.000000
vn 0.000000 0.000000 1.000000
vn 0.000000 -1.000000 0.000000
vn 0.000000 -1.000000 0.000000
vn 0.000000 -1.000000 0.000000
vn 0.000000 -1.000000 0.000000
vn 0.000000 0.000000 -1.000000
vn 0.000000 0.000000 -1.000000
vn 0.000000 0.000000 -1.000000
vn 0.000000 0.000000 -1.000000
vn 0.000000 0.000000 -1.000000
vn 0.000000 0.000000 -1.000000
vn 0.000000 1.000000 0.000000
vn 0.000000 1.000000 0.000000
vn 0.000000 1.000000 0.000000
vn 0.000000 1.000000 0.000000
vn 0.000000 0.000000 1.000000
vn 0.000000 0.000000 1.000000
vn 0.000000 1.000000 0.000000
vn 0.000000 1.000000 0.000000
vn 0.000000 1.000000 0.000000
vn 0.000000 1.000000 0.000000
vn 0.000000 0.000000 1.000000
vn 0.000000 0.000000 1.000000
vn 0.000000 0.000000 1.000000
vn 0.000000 0.000000 1.000000
vn 0.000000 -1.000000 0.000000
vn 0.000000 -1.000000 0.000000
vn 0.000000 -1.000000 0.000000
vn 0.000000 -1.000000 0.000000
vn 0.000000 0.000000 -1.000000
vn 0.000000 0.000000 -1.000000
vn 0.000000 0.000000 -1.000000
vn 0.000000 0.000000 -1.000000
vn 1.000000 -0.000000 0.000000
vn 1.000000 -0.000000 0.000000
vn 1.000000 -0.000000 0.000000
vn 1.000000 -0.000000 0.000000
vn 1.000000 0.000001 0.000000
vn 1.000000 0.000001 0.000000
vn 1.000000 0.000001 0.000000
vn 1.000000 0.000001 0.000000
vn 0.000000 1.000000 0.000000
vn 0.000000 1.000000 0.000000
vn 0.000000 1.000000 0.000000
vn 0.000000 1.000000 0.000000
vn 0.000000 0.000000 1.000000
vn 0.000000 0.000000 1.000000
vn 0.000000 0.000000 1.000000
vn 0.000000 0.000000 1.000000
vn 0.000000 -1.000000 0.000000
vn 0.000000 -1.000000 0.000000
vn 0.000000 -1.000000 0.000000
vn 0.000000 -1.000000 0.000000
vn 0.000000 0.000000 -1.000000
vn 0.000000 0.000000 -1.000000
vn 0.000000 0.000000 -1.000000
vn 0.000000 0.000000 -1.000000
vn 1.000000 -0.000000 0.000000
vn 1.000000 -0.000000 0.000000
vn 1.000000 0.000001 0.000000
vn 1.000000 0.000001 0.000000
vn 0.000000 1.000000 0.000000
vn 0.000000 1.000000 0.000000
vn 0.000000 1.000000 0.000000
vn 0.000000 1.000000 0.000000
vn 0.000000 0.000000 1.000000
vn 0.000000 0.000000 1.000000
vn 0.000000 0.000000 1.000000
vn 0.000000 0.000000 1.000000
vn 0.000000 -1.000000 0.000000
vn 0.000000 -1.000000 0.000000
vn 0.000000 -1.000000 0.000000
vn 0.000000 -1.000000 0.000000
vn 0.000000 0.000000 -1.000000
vn 0.000000 0.000000 -1.000000
vn 0.000000 0.000000 -1.000000
vn 0.000000 0.000000 -1.000000
vn -0.000000 -0.999985 -0.005546
vn -0.000000 -0.999985 -0.005546
vn -0.000000 -0.999985 -0.005546
vn -0.000000 -0.999985 -0.005546
vn -0.000000 -0.999985 -0.005546
vn -0.000000 -0.999985 -0.005546
vn 0.000002 -0.999987 -0.005137
vn 0.000002 -0.999987 -0.005137
vn 0.000002 -0.999987 -0.005137
vn 0.000002 -0.999987 -0.005137
vn 0.000002 -0.999987 -0.005137
vn 0.000002 -0.999987 -0.005137
vn 0.384365 -0.000274 0.923181
vn 0.385017 -0.003888 0.922901
vn 0.385017 -0.003888 0.922901
vn 0.384268 0.000255 0.923221
vn 0.435408 -0.900233 0.000000
vn 0.435408 -0.900233 0.000000
vn 0.435408 -0.900233 0.000000
vn 0.435408 -0.900233 0.000000
vn 0.385016 -0.003887 -0.922902
vn 0.384363 -0.000274 -0.923182
vn 0.384267 0.000255 -0.923222
vn 0.385016 -0.003887 -0.922902
vn 0.384046 0.001473 -0.923313
vn 0.384046 0.001473 -0.923313
vn 0.435408 0.900233 0.000000
vn 0.435408 0.900233 0.000000
vn 0.435408 0.900233 0.000000
vn 0.435408 0.900233 0.000000
vn 0.384047 0.001473 0.923312
vn 0.384047 0.001473 0.923312
vn 0.730054 -0.001266 0.683388
vn 0.815105 -0.559849 0.148906
vn 0.815105 -0.559849 -0.148906
vn 0.730056 -0.001266 -0.683387
vn 0.843583 0.437022 -0.312058
vn 0.843582 0.437023 0.312058
vn 0.685556 0.728020 0.000000
vn 0.685556 0.728019 0.000000
vn 0.692422 0.721493 0.000000
vn 0.692422 0.721493 0.000000
vn 0.662486 0.000000 0.749075
vn 0.662486 0.000000 0.749075
vn 0.669169 0.000000 0.743110
vn 0.669169 0.000000 0.743110
vn 0.685557 -0.728019 0.000000
vn 0.685557 -0.728019 0.000000
vn 0.692422 -0.721493 0.000000
vn 0.692422 -0.721493 0.000000
vn 0.662487 0.000000 -0.749074
vn 0.662487 0.000000 -0.749074
vn 0.669170 0.000000 -0.743110
vn 0.669170 0.000000 -0.743110
vn 0.714520 0.699615 0.000000
vn 0.714520 0.699615 0.000000
vn 0.692229 0.000000 0.721678
vn 0.692229 0.000000 0.721678
vn 0.714521 -0.699614 0.000000
vn 0.714521 -0.699614 0.000000
vn 0.692228 0.000000 -0.721679
vn 0.692228 0.000000 -0.721679
vn 0.771508 0.636220 0.000000
vn 0.771508 0.636220 0.000000
vn 0.779921 0.625879 0.000000
vn 0.779921 0.625879 0.000000
vn 0.757641 0.000000 0.652672
vn 0.757641 0.000000 0.652672
vn 0.765969 0.000000 0.642878
vn 0.765969 0.000000 0.642878
vn 0.771507 -0.636221 0.000000
vn 0.771507 -0.636221 0.000000
vn 0.779920 -0.625879 0.000000
vn 0.779920 -0.625879 0.000000
vn 0.757643 0.000000 -0.652670
vn 0.757643 0.000000 -0.652670
vn 0.765970 0.000000 -0.642877
vn 0.765970 0.000000 -0.642877
vn 0.813616 0.581403 0.000000
vn 0.813616 0.581403 0.000000
vn 0.801350 0.000000 0.598195
vn 0.801350 0.000000 0.598195
vn 0.813615 -0.581404 0.000000
vn 0.813615 -0.581404 0.000000
vn 0.801349 0.000000 -0.598198
vn 0.801349 0.000000 -0.598198
vn 0.016568 0.999863 0.000000
vn 0.382686 0.923878 0.000000
vn 0.382686 0.923879 0.000000
vn 0.021761 0.999763 0.000000
vn 0.923880 0.382684 0.000000
vn 0.992814 0.082945 0.086258
vn 0.997912 0.064588 0.000000
vn 0.923879 0.382684 0.000000
vn 0.015238 0.000000 -0.999884
vn 0.382683 0.000000 -0.923880
vn 0.382683 0.000000 -0.923880
vn 0.009598 0.000000 -0.999954
vn 0.923880 0.000000 -0.382682
vn 0.997124 0.000000 -0.075791
vn 0.998208 0.000000 -0.059845
vn 0.923880 0.000000 -0.382682
vn 0.014032 -0.999902 0.000000
vn 0.382682 -0.923880 0.000000
vn 0.382682 -0.923880 0.000000
vn 0.018633 -0.999826 0.000000
vn 0.923881 -0.382681 0.000000
vn 0.990432 -0.077891 -0.113919
vn 0.998124 -0.061227 0.000000
vn 0.923880 -0.382683 0.000000
vn 0.993062 -0.079669 0.086488
vn 0.998092 -0.061751 0.000000
vn 0.999539 0.021039 -0.021911
vn 0.997725 0.000000 0.067420
vn 0.018646 0.000000 -0.999826
vn 0.014177 0.000000 -0.999900
vn 0.018640 -0.999826 -0.000000
vn 0.014149 -0.999900 0.000000
vn 0.014177 0.000000 0.999900
vn 0.018646 0.000000 0.999826
vn 0.999279 0.026291 0.027380
vn 0.995684 0.000000 -0.092808
vn 0.997949 0.064016 0.000000
vn 0.999390 -0.027241 0.021846
vn 0.990214 0.081076 -0.113592
vn 0.999624 -0.021384 -0.017149
vn 0.998523 0.000000 0.054324
vn 0.007728 0.000000 0.999970
vn 0.009598 0.000000 0.999954
vn 0.015238 0.000000 0.999884
vn -0.000000 0.000000 1.000000
vn 0.007728 0.000000 -0.999970
vn 0.000000 0.000000 -1.000000
vn 0.997997 0.000000 0.063260
vn 0.999369 0.033775 0.011039
vn 0.999060 0.000000 -0.043345
vn 0.999202 0.000000 0.039951
vn 0.999544 0.000000 0.030202
vn 0.999637 0.025592 -0.008364
vn 0.999102 0.000000 -0.042372
vn 0.997687 0.000000 0.067972
vn 0.999327 -0.025170 -0.026683
vn 0.018759 0.000000 0.999824
vn 0.018759 0.000000 -0.999824
vn 0.998878 -0.032498 0.034452
vn 0.995624 0.000000 -0.093455
vn 0.997653 0.000000 0.068472
vn 0.999479 0.022150 -0.023482
vn 0.018759 0.000000 0.999824
vn 0.018759 0.000000 -0.999824
vn 0.999176 0.027855 0.029529
vn 0.995538 0.000000 -0.094360
vn 0.997650 0.000000 0.068521
vn 0.999480 -0.022324 -0.023250
vn 0.018759 0.000000 0.999824
vn 0.018759 0.000000 -0.999824
vn 0.999181 -0.028023 0.029184
vn 0.995530 0.000000 -0.094448
vn 0.025011 0.000000 -0.999687
vn 0.030746 0.000000 -0.999527
vn 0.000000 0.000000 -1.000000
vn 0.000000 0.000000 -1.000000
vn 0.030458 0.999536 0.000000
vn 0.030458 0.999536 0.000000
vn 0.000000 1.000000 0.000000
vn 0.000000 1.000000 0.000000
vn 0.030746 0.000000 0.999527
vn 0.025012 0.000000 0.999687
vn 0.000000 0.000000 1.000000
vn 0.000000 0.000000 1.000000
vn 0.030268 0.000000 0.999542
vn 0.000000 0.000000 1.000000
vn 0.030458 -0.999536 0.000000
vn 0.030458 -0.999536 0.000000
vn 0.000000 -1.000000 0.000000
vn 0.000000 -1.000000 0.000000
vn 0.030267 0.000000 -0.999542
vn 0.000000 0.000000 -1.000000
vn 0.030301 -0.999541 0.000000
vn 0.030301 -0.999541 0.000000
vn 0.000000 -1.000000 0.000000
vn 0.000000 -1.000000 0.000000
vn 0.030272 0.000000 -0.999542
vn 0.030272 0.000000 -0.999542
vn 0.000000 0.000000 -1.000000
vn 0.000000 0.000000 -1.000000
vn 0.030301 0.999541 0.000000
vn 0.030301 0.999541 0.000000
vn 0.000000 1.000000 0.000000
vn 0.000000 1.000000 0.000000
vn 0.030272 0.000000 0.999542
vn 0.030272 0.000000 0.999542
vn 0.000000 0.000000 1.000000
vn 0.000000 0.000000 1.000000
vn 0.032247 -0.999480 0.000000
vn 0.032247 -0.999480 0.000000
vn 0.000000 -1.000000 0.000000
vn 0.000000 -1.000000 0.000000
vn 0.032226 0.000000 -0.999481
vn 0.032226 0.000000 -0.999481
vn 0.000000 0.000000 -1.000000
vn 0.000000 0.000000 -1.000000
vn 0.032248 0.999480 0.000000
vn 0.032248 0.999480 0.000000
vn 0.000000 1.000000 0.000000
vn 0.000000 1.000000 0.000000
vn 0.032226 0.000000 0.999481
vn 0.032226 0.000000 0.999481
vn 0.000000 0.000000 1.000000
vn 0.000000 0.000000 1.000000
vn -0.000108 0.000135 -1.000000
vn -0.000051 0.000063 -1.000000
vn 0.016570 0.000000 -0.999863
vn 0.382684 0.000000 0.923879
vn 0.382683 0.000000 0.923880
vn 0.923880 0.000000 0.382683
vn 0.923880 0.000000 0.382682
vn 0.923880 0.000000 0.382683
vn 0.923880 0.000000 0.382683
vn 0.382682 0.000000 0.923880
vn 0.016571 0.000000 0.999863
vn 0.382682 0.000000 0.923880
vn 0.382686 0.923879 0.000000
vn 0.021755 0.999763 -0.000000
vn 0.923879 0.382684 0.000000
vn 0.382682 0.000000 -0.923880
vn 0.923880 0.000000 -0.382682
vn 0.382682 -0.923880 0.000000
vn 0.923880 -0.382683 0.000000
vn 0.923880 0.382682 0.000000
vn 0.382685 0.923879 0.000000
vn 0.016441 0.999865 -0.000001
vn 0.923880 -0.382682 0.000000
vn 0.382682 -0.923880 0.000000
vn 0.923880 0.000000 0.382683
vn 0.382681 0.000000 0.923880
vn 0.382682 0.000000 -0.923880
vn 0.923880 0.000000 -0.382682
vn 0.923880 0.000000 0.382683
vn 0.923880 0.000000 0.382683
vn 0.382684 0.000000 0.923879
vn 0.382684 0.000000 0.923879
vn 0.382685 -0.923879 0.000000
vn 0.382685 -0.923879 0.000000
vn 0.923879 -0.382685 0.000000
vn 0.923879 -0.382685 0.000000
vn 0.923880 0.000000 0.382681
vn 0.382681 0.000000 0.923881
vn 0.382682 0.000000 -0.923880
vn 0.923880 0.000000 -0.382682
vn 0.923880 0.000000 0.382683
vn 0.382684 0.000000 0.923879
vn 0.382680 0.000000 -0.923881
vn 0.382681 0.000000 -0.923881
vn 0.923880 0.000000 -0.382682
vn 0.923880 0.000000 -0.382683
vn 0.923880 0.000000 0.382682
vn 0.382683 0.000000 0.923880
vn 0.382682 0.000000 -0.923880
vn 0.923880 0.000000 -0.382682
vn 0.923879 0.382685 0.000000
vn 0.923879 0.382685 0.000000
vn 0.382685 0.923879 0.000000
vn 0.382685 0.923879 0.000000
vn 0.382682 0.000000 -0.923880
vn 0.923880 0.000000 -0.382683
vn 0.923880 0.000000 0.382683
vn 0.382684 0.000000 0.923879
vn 0.382682 0.000000 -0.923880
vn 0.923880 0.000000 -0.382682
vn 0.923879 -0.382684 0.000000
vn 0.923880 -0.382684 0.000000
vn 0.382682 -0.923880 0.000000
vn 0.382682 -0.923880 0.000000
vn 0.923880 0.000000 0.382683
vn 0.923880 0.000000 0.382683
vn 0.382683 0.000000 0.923880
vn 0.382683 0.000000 0.923880
vn 0.382685 0.000000 -0.923879
vn 0.382685 0.000000 -0.923879
vn 0.923880 0.000000 -0.382683
vn 0.923880 0.000000 -0.382683
vn 0.923880 0.000000 0.382683
vn 0.382682 0.000000 0.923880
vn 0.382682 0.000000 -0.923880
vn 0.923880 0.000000 -0.382682
vn 0.382682 0.923880 0.000000
vn 0.382682 0.923880 0.000000
vn 0.923879 0.382684 0.000000
vn 0.923880 0.382684 0.000000
vn 0.923880 0.000000 -0.382682
vn 0.382682 0.000000 -0.923880
vn 0.923879 -0.382684 0.000000
vn 0.923880 -0.382684 0.000000
vn 0.382681 -0.923881 0.000000
vn 0.382681 -0.923881 0.000000
vn 0.923880 0.000000 0.382683
vn 0.923880 0.000000 0.382683
vn 0.382685 0.000000 0.923879
vn 0.382685 0.000000 0.923879
vn 0.382681 0.000000 -0.923881
vn 0.382681 0.000000 -0.923880
vn 0.923880 0.000000 -0.382682
vn 0.923880 0.000000 -0.382682
vn 0.382683 0.923880 0.000000
vn 0.382683 0.923880 0.000000
vn 0.923879 0.382684 0.000000
vn 0.923880 0.382684 0.000000
vn -0.308047 0.951371 0.000000
vn -0.505264 0.862965 0.000357
vn -0.504722 0.863282 -0.000339
vn -0.308047 0.951371 0.000000
vn -0.308047 0.951371 0.000000
vn -0.308047 0.951371 0.000000
vn -0.346704 0.937975 0.000000
vn -0.503721 0.847474 -0.167492
vn -0.506045 0.844609 -0.174800
vn -0.308047 0.951371 0.000002
vn -0.344716 0.938707 0.000000
vn -0.375903 0.926659 -0.000001
vn -0.375903 0.926659 -0.000001
vn 0.995169 0.009344 0.097733
vn 0.999963 0.008651 -0.000000
vn 0.999762 0.019295 -0.010194
vn 0.999907 0.008969 -0.010315
vn 0.999963 0.008652 -0.000000
vn 0.999849 0.017386 -0.000256
vn -0.078767 -0.000643 0.996893
vn 0.295614 0.004863 0.955295
vn 0.298089 0.010558 0.954480
vn -0.068267 0.009075 0.997626
vn 0.954186 0.010502 0.299029
vn 0.995751 0.009806 0.091561
vn 0.954200 0.017474 0.298660
vn 0.992001 0.126233 0.000436
vn 0.998625 0.042536 0.030638
vn 0.999938 -0.002699 -0.010806
vn 0.999998 -0.001848 -0.000312
vn 0.999912 0.008338 -0.010348
vn -0.359196 0.933223 0.008609
vn 0.132818 0.991128 0.004896
vn 0.132832 0.991124 -0.005315
vn -0.359007 0.933295 -0.008644
vn 0.900559 0.434664 0.007727
vn 0.991998 0.126255 -0.000477
vn 0.900510 0.434759 -0.008120
vn -0.216917 0.343349 0.913816
vn -0.234407 0.344844 0.908920
vn -0.099359 0.003867 0.995044
vn -0.374413 0.840393 0.391862
vn -0.381476 0.924347 0.007678
vn -0.392067 0.834663 0.386810
vn -0.999949 -0.010071 0.000009
vn -0.999954 -0.009521 0.001197
vn -0.999989 0.000298 -0.004798
vn -0.999997 -0.002620 -0.000114
vn -0.996976 -0.004247 -0.077596
vn -0.999953 -0.008418 -0.004827
vn -0.982012 0.002270 -0.188807
vn -0.983627 0.008240 -0.180027
vn -0.999417 -0.005074 -0.033754
vn -0.356303 -0.000845 0.934370
vn -0.102071 -0.000744 0.994777
vn -0.359756 0.002697 0.933043
vn -0.997971 0.062012 0.014430
vn -0.999419 -0.025423 -0.022687
vn -0.999823 -0.009173 -0.016446
vn -0.975182 0.221407 0.000306
vn -0.999249 -0.038706 -0.001593
vn -0.707596 0.706608 0.003793
vn -0.708764 0.705434 -0.004034
vn -0.975231 0.221191 -0.000387
vn -0.381626 0.924285 -0.007689
vn 0.999963 0.008652 -0.000000
vn 0.999963 0.008653 0.000000
vn 0.999762 0.019285 0.010172
vn 0.999849 0.017365 0.000262
vn 0.994916 0.009395 -0.100266
vn 0.999907 0.008961 0.010328
vn 0.951999 0.010636 -0.305916
vn 0.951890 0.017420 -0.305944
vn 0.995595 0.009856 -0.093240
vn 0.281120 0.004980 -0.959660
vn -0.091202 -0.000746 -0.995832
vn -0.080209 0.009200 -0.996736
vn 0.283563 0.010852 -0.958892
vn 0.998573 0.042479 -0.032374
vn 0.999938 -0.002630 0.010824
vn 0.999912 0.008333 0.010343
vn 0.999998 -0.001834 0.000307
vn -0.378810 0.839367 -0.389829
vn -0.396398 0.833830 -0.384184
vn -0.227368 0.342480 -0.911598
vn -0.111712 0.003811 -0.993733
vn -0.244126 0.344404 -0.906525
vn -0.996479 -0.004146 0.083745
vn -0.999954 -0.009521 -0.001214
vn -0.999988 0.000599 0.004907
vn -0.999953 -0.008403 0.004940
vn -0.999949 -0.010071 -0.000009
vn -0.999997 -0.002596 0.000111
vn -0.114353 -0.000852 -0.993440
vn -0.365176 -0.000959 -0.930938
vn -0.365176 -0.000959 -0.930938
vn -0.979563 0.002396 0.201126
vn -0.999307 -0.005001 0.036882
vn -0.981373 0.008460 0.191928
vn -0.997872 0.063563 -0.014503
vn -0.999391 -0.026070 0.023193
vn -0.999238 -0.038985 0.001593
vn -0.999816 -0.009192 0.016827
vn 0.019713 0.013277 -0.999718
vn 0.019334 0.375569 -0.926593
vn -0.008458 0.374906 -0.927024
vn -0.028917 0.012925 -0.999498
vn 0.014073 0.920855 -0.389651
vn 0.010049 0.999844 -0.014542
vn -0.036036 0.999245 -0.014519
vn -0.040933 0.920638 -0.388266
vn 0.927196 0.010678 -0.374425
vn 0.927274 0.005550 -0.374343
vn 0.401227 0.021278 -0.915732
vn 0.020125 -0.013247 -0.999710
vn 0.401737 -0.014313 -0.915643
vn 0.391478 0.919998 -0.018661
vn 0.391465 0.919996 0.019023
vn 0.010313 0.999838 0.014741
vn 0.926744 0.375685 -0.002679
vn 0.926727 0.375725 0.002904
vn 0.016826 0.921136 0.388877
vn -0.038236 0.921073 0.387509
vn -0.035783 0.999255 0.014457
vn 0.025283 0.376325 0.926143
vn 0.025983 0.013420 0.999572
vn -0.022614 0.013075 0.999659
vn -0.002228 0.375737 0.926724
vn 0.405550 0.020983 0.913832
vn 0.405776 -0.014377 0.913860
vn 0.026424 -0.013201 0.999564
vn 0.927592 0.010458 0.373449
vn 0.927619 0.005339 0.373489
vn 0.034419 -0.384432 0.922511
vn -0.019924 -0.385071 0.922672
vn -0.020161 -0.013618 0.999704
vn 0.038687 -0.924056 0.380293
vn 0.034405 -0.999303 0.014501
vn -0.014414 -0.999789 0.014642
vn -0.017079 -0.924627 0.380491
vn 0.412471 -0.910780 0.018632
vn 0.412279 -0.910866 -0.018681
vn 0.034189 -0.999313 -0.014286
vn 0.933416 -0.358787 0.002702
vn 0.933393 -0.358843 -0.002854
vn 0.036007 -0.925248 -0.377649
vn -0.020159 -0.925662 -0.377815
vn -0.014653 -0.999784 -0.014714
vn 0.028808 -0.387062 -0.921604
vn -0.026469 -0.013583 -0.999557
vn -0.025390 -0.387584 -0.921485
vn -0.400345 0.016622 -0.916214
vn -0.394223 -0.021548 -0.918762
vn -0.925133 -0.006001 -0.379597
vn -0.925282 -0.012312 -0.379079
vn -0.940809 0.338929 -0.002633
vn -0.940773 0.339027 0.002426
vn -0.411439 0.911283 -0.016756
vn -0.411260 0.911364 0.016768
vn -0.922902 -0.005925 0.384990
vn -0.923066 -0.012274 0.384447
vn -0.390550 0.017237 0.920420
vn -0.384214 -0.021827 0.922986
vn -0.891293 -0.453414 0.003495
vn -0.891299 -0.453403 -0.003478
vn -0.421571 -0.906647 0.016418
vn -0.421700 -0.906587 -0.016422
vn 0.561358 0.749203 0.351529
vn 0.561358 0.749203 0.351529
vn 0.561358 0.749203 0.351529
vn 0.561358 0.749203 0.351529
vn 0.561358 0.749203 0.351529
vn 0.561358 0.749203 0.351529
vn 0.561358 0.749203 0.351529
vn -0.940561 0.286419 -0.182506
vn -0.940561 0.286419 -0.182506
vn -0.940561 0.286419 -0.182506
vn -0.940561 0.286419 -0.182506
vn -0.940561 0.286419 -0.182506
vn -0.940561 0.286419 -0.182506
vn -0.940561 0.286419 -0.182506
vn 0.559042 0.749827 -0.353881
vn 0.559042 0.749827 -0.353881
vn 0.559042 0.749827 -0.353881
vn 0.559042 0.749827 -0.353881
vn 0.559042 0.749827 -0.353881
vn 0.559042 0.749827 -0.353881
vn 0.559042 0.749827 -0.353881
vn -0.939174 0.282066 0.195934
vn -0.939174 0.282066 0.195934
vn -0.939174 0.282066 0.195934
vn -0.939174 0.282066 0.195934
vn -0.939174 0.282066 0.195934
vn -0.939174 0.282066 0.195934
vn -0.939174 0.282066 0.195934
vn 0.950007 0.235150 0.205404
vn 0.286965 0.883481 0.370286
vn 0.286965 0.883481 0.370286
vn 0.424833 0.353073 0.833580
vn 0.424833 0.353073 0.833580
vn -0.901955 0.402380 0.156739
vn -0.644685 0.342972 0.683192
vn 0.947737 0.234798 -0.216018
vn 0.400222 0.335803 -0.852677
vn 0.400222 0.335803 -0.852677
vn 0.284377 0.874808 -0.392225
vn 0.284377 0.874808 -0.392225
vn -0.897779 0.412765 -0.153685
vn -0.649465 0.354998 -0.672437
vn -0.649465 0.354998 -0.672437
vn 0.475024 0.814252 -0.333686
vn 0.482218 0.341096 -0.806920
vn 0.959536 0.206258 -0.191699
vn 0.487977 0.340518 0.803695
vn 0.473769 0.815088 0.333429
vn 0.959704 0.206958 0.190097
vn 0.493640 -0.803598 0.332491
vn 0.491255 -0.332312 0.805132
vn 0.963189 -0.189146 0.191025
vn 0.491089 -0.333141 -0.804890
vn 0.490767 -0.805421 -0.332334
vn 0.963156 -0.191014 -0.189324
vn -0.966214 0.213358 -0.144600
vn -0.520197 0.348116 -0.779878
vn -0.520197 0.348116 -0.779878
vn -0.488825 0.814997 -0.311177
vn -0.965537 0.216336 0.144696
vn -0.483564 0.818061 0.311356
vn -0.514447 0.349862 0.782906
vn -0.514447 0.349862 0.782906
vn -0.949648 -0.231575 0.211051
vn -0.432022 -0.352389 0.830168
vn -0.461170 -0.820175 0.338577
vn -0.950241 -0.229916 -0.210194
vn -0.463578 -0.819214 -0.337617
vn -0.439081 -0.352068 -0.826593
vn -0.000049 0.000064 1.000000
vn -0.000110 0.000142 1.000000
vn -0.000000 1.000000 0.000000
vn -0.000000 1.000000 0.000000
vn -0.000116 1.000000 0.000153
vn -0.000051 1.000000 0.000067
vn -0.000000 1.000000 -0.000000
vn -0.000000 1.000000 0.000000
vn -0.000000 1.000000 0.000000
vn -0.000068 1.000000 -0.000086
vn -0.000145 1.000000 -0.000182
vn -0.000000 1.000000 -0.000001
vn -0.533119 0.742872 0.404877
vn -0.532314 0.742979 0.405739
vn -0.514601 0.835067 0.194548
vn -0.496754 0.310500 0.810448
vn -0.413836 0.044540 0.909261
vn -0.495615 0.310554 0.811124
vn -0.021200 0.052386 0.998402
vn -0.197966 0.051500 0.978855
vn -0.211522 0.046866 0.976249
vn -0.022625 0.047963 0.998593
vn -0.410926 0.034540 0.911014
vn -0.024705 0.959828 0.279501
vn -0.029671 0.838710 0.543769
vn -0.001169 0.841802 0.539786
vn -0.000013 0.960341 0.278830
vn -0.030706 0.355559 0.934150
vn -0.000063 0.053109 0.998589
vn -0.004075 0.358018 0.933706
vn -0.257499 0.927592 0.270679
vn -0.262216 0.927939 0.264899
vn -0.514679 0.837026 0.185724
vn -0.024687 0.961245 0.274589
vn 0.413695 -0.038868 -0.909586
vn 0.499295 -0.320416 -0.805008
vn 0.499295 -0.320416 -0.805008
vn 0.416675 -0.046895 -0.907845
vn 0.529024 -0.762522 -0.372416
vn 0.515674 -0.835723 -0.188806
vn 0.515792 -0.835436 -0.189751
vn 0.529024 -0.762522 -0.372416
vn 0.864587 -0.027519 -0.501729
vn 0.868954 -0.038620 -0.493384
vn 0.864261 -0.025449 -0.502399
vn 0.864218 -0.025470 -0.502473
vn 0.612044 0.036734 0.789970
vn 0.611890 0.038133 0.790023
vn 0.612362 0.035822 0.789766
vn 0.612343 0.035830 0.789780
vn 0.593853 0.770223 0.232583
vn 0.592942 0.771960 0.229124
vn 0.592072 0.773863 0.224916
vn 0.592122 0.773875 0.224743
vn 0.921472 -0.375085 -0.101003
vn 0.921669 -0.374456 -0.101530
vn 0.922206 -0.373033 -0.101893
vn 0.922319 -0.372913 -0.101309
vn 0.516004 -0.836722 -0.183400
vn 0.544294 -0.836831 -0.058808
vn 0.544363 -0.836938 -0.056593
vn 0.516146 -0.836734 -0.182948
vn 0.545062 -0.838396 -0.000401
vn 0.545062 -0.838396 -0.000393
vn 0.591941 0.805981 0.000967
vn 0.591942 0.805980 0.000979
vn 0.591889 0.806019 -0.001098
vn 0.591886 0.806021 -0.001013
vn 0.941052 -0.338261 -0.000002
vn 0.941050 -0.338267 -0.000003
vn 0.941066 -0.338224 -0.000123
vn 0.941069 -0.338214 -0.000098
vn -0.000008 0.961545 0.274646
vn -0.000530 0.990469 0.137735
vn -0.025956 0.990055 0.138268
vn -0.000008 1.000000 0.001029
vn -0.025541 0.999673 0.001025
vn -0.543582 0.837362 0.057828
vn -0.543451 0.837443 0.057884
vn -0.544204 0.838953 0.000446
vn -0.283590 0.958945 0.000985
vn -0.284919 0.958551 -0.000873
vn -0.544221 0.838942 -0.000391
vn -0.025634 0.999671 -0.000914
vn 0.545053 -0.838402 0.000378
vn 0.543078 -0.837913 0.054476
vn 0.543255 -0.838007 0.051167
vn 0.545053 -0.838401 0.000340
vn 0.517719 -0.836603 0.179063
vn 0.517896 -0.836634 0.178403
vn 0.609203 0.767117 -0.201004
vn 0.609240 0.767059 -0.201114
vn 0.610378 0.765273 -0.204440
vn 0.611650 0.763245 -0.208187
vn 0.911150 -0.399766 0.099962
vn 0.910908 -0.400111 0.100784
vn 0.910480 -0.400885 0.101579
vn 0.910292 -0.401314 0.101564
vn -0.000003 1.000000 -0.000912
vn -0.000217 0.992222 -0.124482
vn -0.026068 0.991810 -0.125036
vn -0.000007 0.967973 -0.251054
vn -0.024070 0.967690 -0.250993
vn -0.542335 0.838376 -0.054765
vn -0.542279 0.838487 -0.053604
vn -0.516254 0.837162 -0.180671
vn -0.264014 0.933654 -0.242047
vn -0.260088 0.933319 -0.247529
vn -0.516649 0.834882 -0.189858
vn -0.024032 0.966442 -0.255759
vn 0.517725 -0.835424 0.184467
vn 0.545380 -0.751087 0.372060
vn 0.545380 -0.751087 0.372060
vn 0.518108 -0.834765 0.186366
vn 0.531592 -0.312446 0.787266
vn 0.444127 -0.019727 0.895747
vn 0.446923 -0.027178 0.894160
vn 0.531592 -0.312446 0.787266
vn 0.602572 0.018149 -0.797858
vn 0.602158 0.016323 -0.798210
vn 0.602139 0.015077 -0.798249
vn 0.602145 0.015075 -0.798245
vn 0.882350 -0.021638 0.470096
vn 0.879676 -0.013267 0.475388
vn 0.879410 -0.011367 0.475930
vn 0.879418 -0.011365 0.475914
vn -0.000033 0.966882 -0.255224
vn -0.002552 0.843997 -0.536342
vn -0.031367 0.842004 -0.538559
vn -0.003991 0.339447 -0.940617
vn -0.000062 0.026221 -0.999656
vn -0.021459 0.025628 -0.999441
vn -0.031403 0.338546 -0.940426
vn -0.529266 0.302148 -0.792833
vn -0.528117 0.302163 -0.793593
vn -0.444172 0.025142 -0.895589
vn -0.548710 0.738265 -0.392278
vn -0.547864 0.738423 -0.393162
vn -0.210279 0.025328 -0.977313
vn -0.226990 0.020575 -0.973680
vn -0.441129 0.014986 -0.897319
vn -0.023011 0.021122 -0.999512
vn -0.026722 -0.005494 0.999628
vn -0.213795 -0.005377 0.976864
vn -0.228951 -0.005920 0.973420
vn -0.027761 -0.006317 0.999595
vn -0.415263 -0.004067 0.909692
vn -0.415256 -0.004524 0.909693
vn -0.024108 0.020978 0.999489
vn -0.000039 0.021189 0.999775
vn 0.000001 0.047979 0.998848
vn -0.000000 -0.005480 0.999985
vn -0.416402 0.008265 0.909143
vn -0.417210 0.011902 0.908732
vn -0.415903 -0.004054 0.909400
vn -0.412038 0.034598 0.910509
vn 0.964215 0.004334 -0.265085
vn 0.964220 0.004335 -0.265067
vn 0.964544 0.004352 -0.263888
vn 0.964544 0.004352 -0.263888
vn 0.571530 -0.003291 0.820574
vn 0.571524 -0.003293 0.820579
vn 0.165166 -0.005883 0.986248
vn 0.570754 -0.004216 0.821110
vn 0.412028 -0.033984 -0.910537
vn 0.417247 -0.007991 -0.908758
vn 0.417210 -0.011756 -0.908734
vn 0.411962 -0.034183 -0.910560
vn 0.415906 0.004041 -0.909399
vn 0.360158 0.004037 -0.932882
vn -0.445086 0.003746 -0.895480
vn -0.230630 0.004996 -0.973029
vn -0.247227 0.004466 -0.968947
vn -0.445105 0.003261 -0.895473
vn -0.027329 0.005162 -0.999613
vn -0.028497 0.004338 -0.999585
vn -0.443461 0.007528 -0.896262
vn -0.444386 0.007880 -0.895801
vn -0.442315 0.015001 -0.896734
vn -0.445781 0.003742 -0.895134
vn -0.023909 0.013050 -0.999629
vn -0.000059 0.013181 -0.999913
vn -0.000000 0.005181 -0.999987
vn -0.000001 0.021127 -0.999777
vn 0.566074 0.005455 -0.824336
vn 0.566080 0.005455 -0.824332
vn 0.565263 0.004431 -0.824899
vn 0.152674 0.004591 -0.988266
vn 0.961313 0.001291 0.275454
vn 0.961314 0.001291 0.275453
vn 0.961594 0.001335 0.274473
vn 0.961594 0.001335 0.274473
vn 0.445758 -0.003720 0.895146
vn 0.444404 -0.007506 0.895795
vn 0.444393 -0.007907 0.895797
vn 0.383958 -0.003751 0.923343
vn 0.442308 -0.014763 0.896742
vn 0.442283 -0.014836 0.896753
vn -0.001936 -0.477292 -0.878742
vn -0.020480 -0.255611 -0.966563
vn 0.109653 -0.315225 -0.942661
vn 0.205578 -0.632942 -0.746406
vn -0.225137 -0.263765 -0.937945
vn -0.230731 -0.258000 -0.938189
vn -0.444512 0.001948 -0.895771
vn -0.049531 -0.436054 -0.898556
vn 0.303513 -0.691745 -0.655263
vn 0.303588 -0.692083 -0.654870
vn 0.062632 -0.530744 -0.845214
vn 0.688260 -0.447807 0.570760
vn 0.688260 -0.447807 0.570760
vn 0.688260 -0.447807 0.570760
vn 0.688260 -0.447807 0.570760
vn 0.166886 -0.607083 0.776917
vn 0.113686 -0.306683 0.944998
vn -0.021824 -0.253391 0.967118
vn -0.037923 -0.436369 0.898968
vn 0.646931 -0.409010 -0.643576
vn 0.646931 -0.409010 -0.643576
vn 0.646931 -0.409010 -0.643576
vn 0.646931 -0.409010 -0.643576
vn 0.255499 -0.667791 0.699125
vn 0.015512 -0.485409 0.874150
vn 0.254549 -0.667990 0.699282
vn -0.223706 -0.244318 0.943538
vn -0.234985 -0.231631 0.943996
vn -0.082754 -0.393658 0.915524
vn -0.414789 -0.005618 0.909900
vn 0.411952 -0.034212 -0.910563
vn 0.442280 -0.014846 0.896754
vn 0.343029 -0.003744 0.939318
vn 0.445765 -0.003704 0.895142
vn 0.415898 0.004066 -0.909402
vn 0.327183 0.004055 -0.944952
vn 0.323217 0.355778 0.876900
vn 0.323217 0.355778 0.876899
vn 0.323217 0.355778 0.876899
vn 0.228139 0.896754 0.379191
vn 0.228139 0.896754 0.379191
vn 0.228139 0.896754 0.379191
vn -0.283239 0.883318 0.373530
vn -0.279459 0.360983 0.889716
vn 0.000000 1.000000 0.000000
vn 0.000000 1.000000 0.000000
vn -0.291963 0.365693 -0.883757
vn -0.292153 0.883443 -0.366300
vn 0.224019 0.900287 -0.373229
vn 0.224019 0.900287 -0.373229
vn 0.224019 0.900287 -0.373229
vn 0.324802 0.361612 -0.873923
vn 0.324802 0.361612 -0.873922
vn 0.324802 0.361612 -0.873922
vn -0.791950 -0.383439 0.475174
vn -0.791950 -0.383439 0.475174
vn -0.791950 -0.383439 0.475174
vn -0.550426 -0.693272 -0.465193
vn -0.550426 -0.693272 -0.465193
vn -0.550426 -0.693272 -0.465193
vn -0.056805 -0.003563 0.998379
vn 0.169249 -0.530750 0.830457
vn 0.135273 -0.360895 0.922744
vn -0.056788 -0.003560 0.998380
vn -0.542617 -0.633695 0.551360
vn -0.542617 -0.633695 0.551360
vn -0.542617 -0.633695 0.551360
vn -0.726589 -0.370870 -0.578380
vn -0.726589 -0.370870 -0.578380
vn -0.726589 -0.370870 -0.578380
vn 0.034612 0.003752 -0.999394
vn 0.034593 0.003772 -0.999394
vn 0.249143 -0.196747 -0.948271
vn 0.281048 -0.297676 -0.912360
vn -0.056848 -0.003499 0.998377
vn -0.056848 -0.003499 0.998377
vn -0.056848 -0.003499 0.998377
vn -0.056848 -0.003499 0.998377
vn -0.056848 -0.003499 0.998377
vn -0.056848 -0.003499 0.998377
vn 0.034567 0.003785 -0.999395
vn 0.034567 0.003785 -0.999395
vn 0.034567 0.003785 -0.999395
vn 0.034567 0.003785 -0.999395
vn 0.034567 0.003785 -0.999395
vn 0.034567 0.003785 -0.999395
vn -0.254065 0.331789 0.908497
vn -0.284709 0.791465 0.540855
vn 0.636484 0.317088 0.703096
vn 0.638977 0.344218 0.687912
vn 0.911554 -0.378608 -0.160392
vn 0.905976 -0.407305 -0.115365
vn 0.935474 -0.352795 -0.020600
vn 0.935909 -0.351780 -0.018023
vn 0.600763 0.789186 0.127553
vn 0.600896 0.788643 0.130255
vn -0.278363 0.951483 0.131126
vn 0.598341 0.791454 -0.124851
vn 0.598609 0.790721 -0.128169
vn 0.935277 -0.353889 0.004460
vn 0.936053 -0.351853 0.002077
vn -0.284663 0.951190 -0.119181
vn 0.916154 -0.337048 0.216935
vn 0.912724 -0.362634 0.188235
vn 0.665685 0.321887 -0.673240
vn 0.668645 0.343871 -0.659293
vn -0.273019 0.320170 -0.907167
vn -0.295244 0.796811 -0.527184
vn -0.215179 0.019999 0.976370
vn 0.627829 0.018845 0.778123
vn 0.627840 0.018937 0.778112
vn 0.894332 -0.004404 -0.447381
vn 0.894348 -0.004287 -0.447351
vn -0.226299 0.012022 -0.973984
vn 0.904601 -0.005690 0.426222
vn 0.904601 -0.005690 0.426221
vn 0.621423 0.009984 -0.783412
vn 0.621424 0.009984 -0.783411
vn -0.174174 -0.182714 -0.967615
vn 0.841069 -0.498027 -0.211122
vn 0.841069 -0.498027 -0.211122
vn 0.841069 -0.498027 -0.211122
vn 0.841069 -0.498027 -0.211122
vn 0.377997 -0.443997 -0.812395
vn 0.396188 -0.426164 0.813277
vn 0.845772 -0.467040 0.257958
vn 0.845772 -0.467040 0.257958
vn 0.845772 -0.467040 0.257958
vn 0.845772 -0.467040 0.257958
vn -0.158232 -0.190777 0.968797
vn -1.000000 -0.000000 -0.000000
vn -1.000000 -0.000000 -0.000000
vn -1.000000 -0.000000 -0.000000
vn -1.000000 -0.000000 -0.000000
vn -1.000000 -0.000000 -0.000000
vn -1.000000 -0.000000 0.000000
vn -1.000000 -0.000000 0.000000
vn -1.000000 -0.000000 0.000000
vn -1.000000 -0.000000 0.000000
vn -1.000000 -0.000000 0.000000
vn -1.000000 0.000000 -0.000000
vn -1.000000 0.000000 -0.000000
vn -1.000000 -0.000000 0.000000
vn -1.000000 0.000001 -0.000000
vn -1.000000 0.000000 -0.000000
vn -1.000000 0.000000 -0.000000
vn -1.000000 0.000001 -0.000000
vn -1.000000 0.000001 0.000000
vn -1.000000 0.000001 0.000000
vn -1.000000 0.000001 0.000000
vn -1.000000 0.000001 0.000000
vn -1.000000 -0.000000 0.000000
vn -1.000000 -0.000000 0.000000
vn -1.000000 -0.000000 0.000000
vn -1.000000 -0.000000 0.000000
vn -1.000000 -0.000000 0.000000
vn -1.000000 -0.000000 0.000000
vn -1.000000 -0.000000 0.000000
vn -1.000000 -0.000000 0.000000
vn -1.000000 -0.000000 0.000000
vn -1.000000 -0.000000 0.000000
vn -0.000000 0.000000 -1.000000
vn -0.000000 0.000000 -1.000000
vn -0.086770 -0.000810 -0.996228
vn -0.089099 -0.000913 -0.996022
vn -0.000000 0.000000 -1.000000
vn -0.087290 0.002893 -0.996179
vn -0.756647 -0.002034 -0.653820
vn -0.456429 0.008139 -0.889723
vn -0.081975 0.024158 -0.996342
vn -0.999987 -0.000004 -0.005166
vn -0.999702 0.019392 -0.014809
vn -0.914293 0.019992 -0.404559
vn -0.757002 0.006249 -0.653383
vn -0.914468 -0.060101 -0.400170
vn -0.999794 -0.019662 -0.005042
vn -0.077590 -0.075177 -0.994147
vn -0.442567 -0.021939 -0.896467
vn 0.000000 -0.084200 -0.996449
vn 0.000001 -0.382683 -0.923880
vn -0.040170 -0.377092 -0.925304
vn -0.000001 -0.923876 -0.382692
vn -0.000000 -0.999748 -0.022471
vn -0.062612 -0.997810 -0.021322
vn -0.041834 -0.925100 -0.377413
vn -0.924439 -0.381070 -0.014097
vn -0.924432 -0.381085 0.014119
vn -0.999794 -0.019674 0.004992
vn -0.381106 -0.924426 -0.013967
vn -0.062618 -0.997810 0.021305
vn -0.381100 -0.924428 0.013984
vn -0.000000 -0.999748 0.022467
vn -0.000001 -0.923879 0.382684
vn -0.041755 -0.925083 0.377462
vn 0.000000 -0.382683 0.923880
vn 0.000000 -0.083894 0.996475
vn -0.077268 -0.075119 0.994177
vn -0.040103 -0.377150 0.925284
vn -0.916042 -0.061084 0.396404
vn -0.760169 0.005525 0.649702
vn -0.999987 -0.000001 0.005144
vn -0.444958 -0.023859 0.895233
vn -0.087911 0.002695 0.996125
vn -0.000000 0.000000 1.000000
vn -0.000000 0.000000 1.000000
vn -0.000000 0.000000 1.000000
vn 0.000000 0.000000 1.000000
vn -0.089017 -0.000864 0.996030
vn -0.756753 -0.001823 0.653699
vn -0.914295 0.019992 0.404556
vn -0.999702 0.019392 0.014809
vn -0.081974 0.024158 0.996342
vn -0.456426 0.008140 0.889724
vn 0.000000 0.027124 0.999632
vn 0.000000 0.382684 0.923879
vn -0.040816 0.377598 0.925070
vn 0.000000 0.923882 0.382678
vn 0.000000 0.999748 0.022464
vn -0.062708 0.997805 0.021280
vn -0.041274 0.925019 0.377674
vn -0.924434 0.381082 0.014082
vn -0.924434 0.381082 -0.014082
vn -0.381081 0.924435 0.014040
vn -0.062708 0.997805 -0.021280
vn -0.381081 0.924435 -0.014040
vn 0.000000 0.999748 -0.022464
vn 0.000000 0.923881 -0.382679
vn -0.041274 0.925018 -0.377675
vn 0.000000 0.382685 -0.923879
vn 0.000000 0.027124 -0.999632
vn -0.040815 0.377598 -0.925070
vn 0.000000 -0.999748 0.022464
vn 0.000000 -0.923880 0.382683
vn -0.042245 -0.924995 0.377623
vn -0.064449 -0.997695 0.021236
vn 0.000000 -0.382682 0.923880
vn 0.000000 -0.020972 0.999780
vn -0.064522 -0.019822 0.997719
vn -0.042245 -0.377622 0.924996
vn -0.999544 -0.020588 0.022081
vn -0.924406 -0.013122 0.381184
vn -0.924406 0.013122 0.381184
vn -0.999544 0.020588 0.022081
vn -0.381184 -0.013122 0.924406
vn -0.064522 0.019822 0.997719
vn -0.381184 0.013122 0.924406
vn -0.381074 -0.924437 0.014069
vn -0.381074 -0.924437 -0.014069
vn -0.064449 -0.997695 -0.021236
vn -0.924438 -0.381073 0.014069
vn -0.999544 -0.020588 -0.022081
vn -0.924438 -0.381073 -0.014069
vn 0.000000 -0.020972 -0.999780
vn 0.000000 -0.382684 -0.923879
vn -0.042246 -0.377624 -0.924995
vn -0.064523 -0.019823 -0.997719
vn 0.000000 -0.923879 -0.382684
vn 0.000000 -0.999748 -0.022464
vn -0.042245 -0.924995 -0.377624
vn -0.381186 -0.013122 -0.924405
vn -0.381186 0.013122 -0.924405
vn -0.064523 0.019823 -0.997719
vn -0.924406 -0.013122 -0.381184
vn -0.999544 0.020588 -0.022081
vn -0.924406 0.013122 -0.381184
vn 0.000000 0.020972 0.999780
vn 0.000000 0.382679 0.923881
vn -0.042245 0.377620 0.924996
vn 0.000000 0.923882 0.382677
vn 0.000000 0.999748 0.022463
vn -0.064449 0.997695 0.021236
vn -0.042245 0.924997 0.377618
vn -0.924438 0.381073 0.014069
vn -0.924438 0.381073 -0.014069
vn -0.381074 0.924437 0.014070
vn -0.064449 0.997695 -0.021236
vn -0.381074 0.924437 -0.014070
vn 0.000000 0.999748 -0.022463
vn 0.000000 0.923882 -0.382678
vn -0.042245 0.924997 -0.377619
vn 0.000000 0.382681 -0.923880
vn 0.000000 0.020972 -0.999780
vn -0.042246 0.377622 -0.924996
vn 0.000000 -0.999748 0.022464
vn 0.000000 -0.923880 0.382682
vn -0.041526 -0.924991 0.377714
vn -0.063396 -0.997762 0.021257
vn 0.000000 -0.382681 0.923880
vn 0.000000 -0.021413 0.999771
vn -0.063448 -0.020261 0.997780
vn -0.041526 -0.377713 0.924991
vn -0.999535 -0.021023 0.022074
vn -0.924414 -0.013403 0.381155
vn -0.924414 0.013403 0.381155
vn -0.999535 0.021023 0.022074
vn -0.381155 -0.013403 0.924414
vn -0.063448 0.020261 0.997780
vn -0.381155 0.013403 0.924414
vn -0.381075 -0.924437 0.014069
vn -0.381075 -0.924437 -0.014069
vn -0.063396 -0.997762 -0.021257
vn -0.924436 -0.381078 0.014069
vn -0.999535 -0.021023 -0.022074
vn -0.924436 -0.381078 -0.014069
vn 0.000000 -0.021414 -0.999771
vn 0.000000 -0.382683 -0.923880
vn -0.041527 -0.377715 -0.924990
vn -0.063448 -0.020261 -0.997779
vn 0.000000 -0.923880 -0.382683
vn 0.000000 -0.999748 -0.022464
vn -0.041527 -0.924990 -0.377715
vn -0.381155 -0.013403 -0.924414
vn -0.381155 0.013403 -0.924414
vn -0.063448 0.020261 -0.997779
vn -0.924413 -0.013403 -0.381157
vn -0.999535 0.021023 -0.022074
vn -0.924413 0.013403 -0.381157
vn 0.000000 0.021413 0.999771
vn 0.000000 0.382681 0.923880
vn -0.041526 0.377713 0.924991
vn 0.000000 0.923881 0.382680
vn 0.000000 0.999748 0.022463
vn -0.063396 0.997762 0.021257
vn -0.041526 0.924991 0.377712
vn -0.924436 0.381078 0.014069
vn -0.924436 0.381078 -0.014069
vn -0.381075 0.924437 0.014069
vn -0.063396 0.997762 -0.021257
vn -0.381075 0.924437 -0.014069
vn 0.000000 0.999748 -0.022463
vn 0.000000 0.923880 -0.382682
vn -0.041527 0.924991 -0.377713
vn 0.000000 0.382683 -0.923880
vn 0.000000 0.021414 -0.999771
vn -0.041527 0.377715 -0.924990
vn -1.000000 -0.000000 0.000001
vn -1.000000 -0.000000 0.000001
vn -1.000000 -0.000000 0.000001
vn -1.000000 -0.000000 0.000001
vn -1.000000 -0.000000 0.000001
vn -1.000000 -0.000000 0.000001
vn -1.000000 0.000000 -0.000000
vn -1.000000 0.000000 -0.000000
vn -1.000000 0.000000 -0.000000
vn -1.000000 0.000000 -0.000000
vn -1.000000 0.000000 -0.000000
vn -1.000000 0.000000 -0.000000
vn -0.639643 -0.006399 -0.768645
vn -1.000000 0.000000 0.000000
vn -1.000000 0.000000 0.000000
vn -0.325731 -0.888572 -0.323017
vn -0.888160 -0.325690 -0.324188
vn -0.321028 -0.319843 -0.891427
vn -1.000000 -0.000001 0.000000
vn -1.000000 -0.000000 0.000000
vn -0.320862 -0.320276 0.891331
vn -0.887919 -0.326020 0.324516
vn -0.325542 -0.888494 0.323421
vn -0.499316 0.000443 0.866420
vn -0.642796 -0.001805 0.766035
vn -1.000000 0.000001 0.000000
vn -1.000000 0.000000 0.000000
vn -0.325353 0.888098 0.324696
vn -0.887916 0.325520 0.325026
vn -0.324051 0.323889 0.888868
vn -1.000000 0.000000 0.000000
vn -1.000000 0.000000 0.000000
vn -0.324049 0.323886 -0.888870
vn -0.887916 0.325520 -0.325026
vn -0.325354 0.888097 -0.324697
vn -1.000000 0.000000 0.000000
vn -1.000000 0.000000 0.000000
vn -0.325268 -0.325270 0.887919
vn -0.887920 -0.325268 0.325269
vn -0.325269 -0.887919 0.325269
vn -1.000000 -0.000001 0.000000
vn -1.000000 -0.000000 0.000000
vn -0.887919 -0.325268 -0.325270
vn -0.325273 -0.325270 -0.887917
vn -0.325270 -0.887918 -0.325271
vn -1.000000 0.000000 0.000000
vn -1.000000 0.000000 0.000000
vn -0.325268 0.887917 0.325275
vn -0.887919 0.325267 0.325270
vn -0.325269 0.325270 0.887919
vn -1.000000 0.000001 0.000000
vn -1.000000 0.000000 0.000000
vn -0.325274 0.325270 -0.887917
vn -0.887918 0.325268 -0.325272
vn -0.325269 0.887917 -0.325276
vn -1.000000 0.000000 0.000000
vn -1.000000 0.000000 0.000000
vn -0.325268 -0.325269 0.887919
vn -0.887919 -0.325269 0.325270
vn -0.325269 -0.887919 0.325268
vn -1.000000 -0.000001 0.000000
vn -1.000000 -0.000000 0.000000
vn -0.887918 -0.325269 -0.325272
vn -0.325273 -0.325268 -0.887918
vn -0.325270 -0.887919 -0.325269
vn -1.000000 0.000000 0.000000
vn -1.000000 0.000000 0.000000
vn -0.325270 0.887920 0.325265
vn -0.887919 0.325269 0.325269
vn -0.325268 0.325269 0.887920
vn -1.000000 0.000001 0.000000
vn -1.000000 0.000000 0.000000
vn -0.325273 0.325268 -0.887918
vn -0.887918 0.325270 -0.325271
vn -0.325270 0.887920 -0.325266
s 1
g Stoplight
usemtl initialShadingGroup
f 1/846/1 8/847/2 75/848/3 76/849/4
s 2
f 2/88/5 5/98/6 308/99/7 307/100/8 20/89/9
s 1
f 77/939/10 78/940/11 7/941/12 4/942/13
s 4
f 21/9/14 22/14/15 8/15/16 1/10/17
s 5
f 21/9/18 1/10/19 76/11/20 730/12/21 729/13/22
s 2
f 5/524/6 9/525/23 293/526/24 292/527/25 309/528/26 308/529/7
s 1
f 7/941/12 78/940/11 79/945/27 11/946/28
s 4
f 8/594/16 22/595/15 23/596/29 12/597/30
s 1
f 75/848/3 8/847/2 12/850/31 74/851/32
s 2
f 9/525/23 427/530/33 426/531/34 464/532/35 463/533/36 294/534/37 293/526/24
s 1
f 11/946/28 79/945/27 80/950/38 13/951/39
s 4
f 12/597/30 23/596/29 24/600/40 14/601/41
s 1
f 74/851/32 12/850/31 14/854/42 73/855/43
s 2
f 15/104/44 339/119/45 338/133/46 6/134/47 3/122/48
s 5
f 4/35/49 16/21/50 741/24/51 740/36/52 77/37/53
s 4
f 4/35/54 7/38/55 17/25/56 16/21/57
f 18/599/58 17/598/56 7/602/55 11/603/59
f 19/604/60 18/599/58 11/603/59 13/607/61
s 2
f 20/89/9 307/100/8 306/115/62 340/118/63 339/119/45 15/104/44
s 5
f 16/21/50 21/9/18 729/13/22 728/22/64 742/23/65 741/24/51
s 4
f 16/21/57 17/25/56 22/14/15 21/9/14
f 23/596/29 22/595/15 17/598/56 18/599/58
f 24/600/40 23/596/29 18/599/58 19/604/60
s 1
f 9/891/66 26/884/67 25/890/68 428/896/69 427/897/70
f 5/885/71 27/878/72 26/884/67 9/891/66
f 28/879/73 27/878/72 5/885/71 2/886/74
s 5
f 29/110/75 675/109/76 674/101/77 15/104/78 3/122/79
s 1
f 3/975/80 6/976/81 30/968/82 29/967/83
f 31/974/84 30/968/82 6/976/81 10/982/85
f 32/981/86 31/974/84 10/982/85 511/988/87 510/989/88
f 34/883/89 42/875/90 41/882/91 33/889/92 25/890/68 26/884/67
f 35/877/93 43/870/94 42/875/90 34/883/89 26/884/67 27/878/72
f 36/876/95 44/871/96 43/870/94 35/877/93 27/878/72 28/879/73
f 38/965/97 46/959/98 45/958/99 37/966/100 29/967/83 30/968/82
f 39/973/101 47/969/102 46/959/98 38/965/97 30/968/82 31/974/84
f 40/980/103 48/977/104 47/969/102 39/973/101 31/974/84 32/981/86
s 10
f 160/175/105 159/176/106 161/177/107 162/178/108 163/179/109 164/180/110
s 1
f 42/875/90 50/869/111 49/874/112 41/882/91
f 43/870/94 51/863/113 50/869/111 42/875/90
f 52/864/114 51/863/113 43/870/94 44/871/96
s 5
f 53/85/115 719/84/116 718/76/117 633/81/118 632/96/119 45/97/120
s 1
f 45/958/99 46/959/98 54/953/121 53/952/122
f 55/960/123 54/953/121 46/959/98 47/969/102
f 56/970/124 55/960/123 47/969/102 48/977/104
f 50/869/111 58/862/125 57/868/126 49/874/112
f 51/863/113 59/857/127 58/862/125 50/869/111
f 60/858/128 59/857/127 51/863/113 52/864/114
s 5
f 61/66/129 696/65/130 695/82/131 720/83/132 719/84/116 53/85/115
s 1
f 53/952/122 54/953/121 62/948/133 61/947/134
f 63/954/135 62/948/133 54/953/121 55/960/123
f 64/961/136 63/954/135 55/960/123 56/970/124
s off
f 169/187/137 170/188/138 171/189/139 172/190/140
s 1
f 58/862/125 66/856/141 65/861/142 57/868/126
f 59/857/127 67/852/143 66/856/141 58/862/125
f 68/853/144 67/852/143 59/857/127 60/858/128
s 5
f 69/53/145 763/52/146 762/44/147 697/49/148 696/65/130 61/66/129
s 1
f 61/947/134 62/948/133 70/944/149 69/943/150
f 71/949/151 70/944/149 62/948/133 63/954/135
f 72/955/152 71/949/151 63/954/135 64/961/136
f 66/856/141 74/851/32 73/855/43 65/861/142
f 67/852/143 75/848/3 74/851/32 66/856/141
f 76/849/4 75/848/3 67/852/143 68/853/144
s 5
f 77/37/53 740/36/52 739/50/153 764/51/154 763/52/146 69/53/145
s 1
f 69/943/150 70/944/149 78/940/11 77/939/10
f 79/945/27 78/940/11 70/944/149 71/949/151
f 80/950/38 79/945/27 71/949/151 72/955/152
s off
f 177/199/155 178/200/156 179/201/157 180/202/158
f 87/5/159 88/6/160 96/2/161 95/1/162
f 88/6/163 89/7/164 97/3/165 96/2/166
f 89/7/167 90/8/168 98/4/169 97/3/170
f 90/8/171 87/5/172 95/1/173 98/4/174
s 12
f 82/211/175 81/212/176 99/213/177 100/214/178
f 81/212/176 83/215/179 101/216/180 99/213/177
f 83/215/179 84/219/181 102/220/182 101/216/180
f 84/219/181 85/221/183 103/222/184 102/220/182
f 85/221/183 86/217/185 104/218/186 103/222/184
f 86/217/185 82/211/175 100/214/178 104/218/186
s 13
f 95/223/187 96/224/188 106/225/189 105/226/190
f 96/224/188 97/227/191 107/228/192 106/225/189
f 97/227/191 98/229/193 108/230/194 107/228/192
f 98/229/193 95/223/187 105/226/190 108/230/194
s 14
f 91/231/195 92/232/196 110/233/197 109/234/198
f 92/232/196 93/235/199 111/236/200 110/233/197
f 93/235/199 94/239/201 112/240/202 111/236/200
f 94/239/201 91/231/195 109/234/198 112/240/202
s 15
f 100/1032/203 99/1033/204 113/1034/205 114/1035/206
s off
f 99/614/207 101/615/208 115/616/209 113/617/210
s 16
f 101/1038/211 102/1039/212 116/1040/213 115/1041/214
f 102/1039/212 103/1042/215 117/1043/216 116/1040/213
s off
f 103/618/217 104/619/218 118/620/219 117/621/220
s 15
f 104/1036/221 100/1032/203 114/1035/206 118/1037/222
s 17
f 114/243/223 113/244/224 119/245/225 120/246/226
f 113/244/224 115/247/227 121/248/228 119/245/225
f 115/247/227 116/251/229 122/252/230 121/248/228
f 116/251/229 117/253/231 123/254/232 122/252/230
f 117/253/231 118/249/233 124/250/234 123/254/232
f 118/249/233 114/243/223 120/246/226 124/250/234
s 18
f 120/1044/235 119/1045/236 125/1046/237 126/1047/238
s off
f 119/622/239 121/623/240 127/624/241 125/625/242
s 19
f 121/1053/243 122/1054/244 128/1055/245 127/1056/246
f 122/1054/244 123/1057/247 129/1058/248 128/1055/245
s off
f 123/628/249 124/629/250 130/630/251 129/631/252
s 18
f 124/1050/253 120/1044/235 126/1047/238 130/1051/254
s off
f 105/634/255 106/635/256 132/636/257 131/637/258
f 106/1062/259 107/1063/260 133/1064/261 132/1065/262
f 107/638/263 108/639/264 134/640/265 133/641/266
f 108/1066/267 105/1067/268 131/1068/269 134/1069/270
s 20
f 131/255/271 132/256/272 136/257/273 135/258/274
f 132/256/272 133/259/275 137/260/276 136/257/273
f 133/259/275 134/261/277 138/262/278 137/260/276
f 134/261/277 131/255/271 135/258/274 138/262/278
s off
f 135/642/279 136/643/280 140/644/281 139/645/282
f 136/1070/283 137/1071/284 141/1072/285 140/1073/286
f 137/646/287 138/647/288 142/648/289 141/649/290
f 138/1074/291 135/1075/292 139/1076/293 142/1077/294
s 14
f 109/234/198 110/233/197 144/237/295 143/238/296
f 110/233/197 111/236/200 145/241/297 144/237/295
f 111/236/200 112/240/202 146/242/298 145/241/297
f 112/240/202 109/234/198 143/238/296 146/242/298
s off
f 143/650/299 144/651/300 148/652/301 147/653/302
f 144/1078/303 145/1079/304 149/1080/305 148/1081/306
f 145/654/307 146/655/308 150/656/309 149/657/310
f 146/1082/311 143/1083/312 147/1084/313 150/1085/314
f 25/658/315 151/659/316 563/660/317 562/661/318 568/662/319 567/663/320
f 152/665/321 32/666/322 559/667/323 558/668/324 556/669/325 555/670/326
s 21
f 126/1047/327 125/1046/328 153/1048/329 154/1049/330
s off
f 125/625/331 127/624/332 155/626/333 153/627/334
s 22
f 127/1056/335 128/1055/336 156/1059/337 155/1060/338
f 128/1055/336 129/1058/339 157/1061/340 156/1059/337
s off
f 129/631/341 130/630/342 158/632/343 157/633/344
s 21
f 130/1051/345 126/1047/327 154/1049/330 158/1052/346
s 10
f 154/181/347 153/182/348 159/176/106 160/175/105
f 153/182/348 155/183/349 161/177/107 159/176/106
f 155/183/349 156/184/350 162/178/108 161/177/107
f 156/184/350 157/185/351 163/179/109 162/178/108
f 157/185/351 158/186/352 164/180/110 163/179/109
f 158/186/352 154/181/347 160/175/105 164/180/110
s 23
f 139/195/353 140/196/354 166/192/355 165/191/356
s 24
f 140/196/357 141/197/358 167/193/359 166/192/360
s 25
f 141/197/361 142/198/362 168/194/363 167/193/364
s 26
f 142/198/365 139/195/366 165/191/367 168/194/368
s 23
f 165/191/356 166/192/355 170/188/369 169/187/370
s 24
f 166/192/360 167/193/359 171/189/371 170/188/372
s 25
f 167/193/364 168/194/363 172/190/373 171/189/374
s 26
f 168/194/368 165/191/367 169/187/375 172/190/376
s 27
f 147/207/377 148/208/378 174/204/379 173/203/380
s 28
f 148/208/381 149/209/382 175/205/383 174/204/384
s 29
f 149/209/385 150/210/386 176/206/387 175/205/388
s 30
f 150/210/389 147/207/390 173/203/391 176/206/392
s 27
f 173/203/380 174/204/379 178/200/393 177/199/394
s 28
f 174/204/384 175/205/383 179/201/395 178/200/396
s 29
f 175/205/388 176/206/387 180/202/397 179/201/398
s 30
f 176/206/392 173/203/391 177/199/399 180/202/400
s 31
f 189/672/401 188/673/402 191/674/403 190/675/404
s 32
f 188/263/405 187/264/406 192/265/407 191/266/408
s 1
f 198/987/409 197/995/410 215/991/411 214/985/412
s 32
f 197/288/413 196/287/414 216/298/415 215/299/416
s 4
f 201/611/417 200/613/418 203/612/419 202/608/420
s 32
f 200/334/421 199/332/422 204/327/423 203/331/424
f 181/317/425 210/318/426 283/310/427 184/309/428
s 1
f 13/951/39 80/950/38 274/956/429 201/957/430
s 4
f 14/601/41 24/600/40 208/605/431 183/606/432
s 1
f 73/855/43 14/854/42 183/859/433 186/860/434
s 4
f 202/608/420 19/604/60 13/607/61 201/611/417
s 32
f 286/326/435 204/327/423 199/332/422 276/329/436
s 4
f 208/605/431 24/600/40 19/604/60 202/608/420
s 32
f 286/326/435 283/310/427 210/318/426 204/327/423
f 207/270/437 217/277/438 196/287/414 193/278/439
f 192/265/407 220/269/440 217/277/438 207/270/437
f 211/268/441 220/269/440 192/265/407 187/264/406
s 1
f 33/889/92 41/882/91 237/888/442 225/893/443 213/894/444 151/895/445 25/890/68
f 214/985/412 226/983/446 48/977/104 40/980/103 32/981/86 152/986/447 198/987/409
s 32
f 229/296/448 241/293/449 228/297/450 216/298/415 196/287/414 217/277/438
f 223/273/451 235/274/452 244/275/453 232/276/454 220/269/440 211/268/441
f 247/281/455 253/282/456 244/275/453 235/274/452
s 1
f 41/882/91 49/874/112 249/881/457 237/888/442
f 238/978/458 56/970/124 48/977/104 226/983/446
s 32
f 241/293/449 256/292/459 240/306/460 228/297/450
f 244/275/453 253/282/456 256/292/459 241/293/449
f 262/290/461 259/291/462 253/282/456 247/281/455
s 1
f 49/874/112 57/868/126 264/873/463 249/881/457
f 250/971/464 64/961/136 56/970/124 238/978/458
s 32
f 256/292/459 268/311/465 252/314/466 240/306/460
f 271/301/467 277/302/468 259/291/462 262/290/461
s 1
f 57/868/126 65/861/142 273/867/469 264/873/463
f 265/962/470 72/955/152 64/961/136 250/971/464
s 32
f 268/311/465 280/312/471 267/322/472 252/314/466
f 268/311/465 259/291/462 277/302/468 280/312/471
f 184/309/428 283/310/427 277/302/468 271/301/467
s 1
f 65/861/142 73/855/43 186/860/434 273/867/469
f 274/956/429 80/950/38 72/955/152 265/962/470
s 32
f 280/312/471 286/326/435 276/329/436 267/322/472
s 39
f 234/1086/473 246/1087/474 81/1088/475 82/1089/476
s 40
f 246/694/477 243/695/478 83/696/479 81/697/480
s 41
f 243/1095/481 231/1096/482 84/1097/483 83/1098/484
f 231/1096/482 219/1101/485 85/1102/486 84/1097/483
s 42
f 219/700/487 222/701/488 86/702/489 85/703/490
s 39
f 222/1092/491 234/1086/473 82/1089/476 86/1093/492
s 43
f 258/706/493 255/707/494 88/708/495 87/709/496
s 44
f 255/1104/497 261/1105/498 89/1106/499 88/1107/500
s 45
f 261/712/501 270/713/502 90/714/503 89/715/504
s 46
f 270/1110/505 258/1111/506 87/1112/507 90/1113/508
s 47
f 282/718/509 279/719/510 92/720/511 91/721/512
s 48
f 279/1116/513 285/1117/514 93/1118/515 92/1119/516
s 49
f 285/724/517 288/725/518 94/726/519 93/727/520
s 50
f 288/1122/521 282/1123/522 91/1124/523 94/1125/524
s 1
f 198/987/409 152/986/447 498/992/525 497/993/526 195/994/527
f 183/859/433 182/865/528 185/866/529 186/860/434
s 32
f 182/324/530 181/317/425 184/309/428 185/316/531
f 187/264/406 188/263/532 212/267/533 211/268/441
s 1
f 188/904/534 189/902/535 213/894/444 212/899/536
s 31
f 190/675/404 191/674/403 206/676/537 205/677/538
s 32
f 191/266/408 192/265/407 207/270/437 206/271/539
s 1
f 195/994/527 194/998/540 197/995/410 198/987/409
s 32
f 194/279/541 193/278/439 196/287/414 197/288/413
s 4
f 202/608/420 203/612/419 209/610/542 208/605/431
s 32
f 203/331/424 204/327/423 210/318/426 209/325/543
f 193/278/439 194/279/544 206/271/539 207/270/437
s 31
f 194/682/545 195/683/546 205/677/538 206/676/537
s 32
f 181/317/425 182/324/547 209/325/543 210/318/426
s 4
f 182/609/548 183/606/432 208/605/431 209/610/542
s 32
f 211/268/441 212/267/533 224/272/549 223/273/451
s 1
f 212/899/536 213/894/444 225/893/443 224/898/550
f 214/985/412 215/991/411 227/990/551 226/983/446
s 32
f 215/299/416 216/298/415 228/297/450 227/307/552
f 217/277/438 218/286/553 230/295/554 229/296/448
s 41
f 218/1103/555 219/1101/485 231/1096/482 230/1099/556
s 42
f 219/700/487 218/704/557 221/705/558 222/701/488
s 32
f 218/286/559 217/277/438 220/269/440 221/285/560
f 223/273/451 224/272/549 236/280/561 235/274/452
s 1
f 224/898/550 225/893/443 237/888/442 236/892/562
f 226/983/446 227/990/551 239/984/563 238/978/458
s 32
f 227/307/552 228/297/450 240/306/460 239/315/564
f 229/296/448 230/295/554 242/294/565 241/293/449
s 41
f 230/1099/556 231/1096/482 243/1095/481 242/1100/566
s 39
f 222/1092/491 221/1094/567 233/1090/568 234/1086/473
s 32
f 221/285/569 220/269/440 232/276/454 233/283/570
f 235/274/452 236/280/561 248/289/571 247/281/455
s 1
f 236/892/562 237/888/442 249/881/457 248/887/572
f 238/978/458 239/984/563 251/979/573 250/971/464
s 32
f 239/315/564 240/306/460 252/314/466 251/323/574
f 241/293/449 242/294/575 245/284/576 244/275/453
s 40
f 242/698/577 243/695/478 246/694/477 245/699/578
s 39
f 234/1086/473 233/1090/568 245/1091/579 246/1087/474
s 32
f 233/283/570 232/276/454 244/275/453 245/284/580
f 247/281/455 248/289/571 263/300/581 262/290/461
s 1
f 248/887/572 249/881/457 264/873/463 263/880/582
f 250/971/464 251/979/573 266/972/583 265/962/470
s 32
f 251/323/574 252/314/466 267/322/472 266/330/584
f 253/282/456 254/303/585 257/305/586 256/292/459
s 43
f 254/710/587 255/707/494 258/706/493 257/711/588
s 32
f 256/292/459 257/305/589 269/313/590 268/311/465
s 46
f 257/1114/591 258/1111/506 270/1110/505 269/1115/592
s 44
f 255/1104/497 254/1108/593 260/1109/594 261/1105/498
s 32
f 254/303/595 253/282/456 259/291/462 260/304/596
f 262/290/461 263/300/581 272/308/597 271/301/467
s 1
f 263/880/582 264/873/463 273/867/469 272/872/598
f 265/962/470 266/972/583 275/964/599 274/956/429
s 32
f 266/330/584 267/322/472 276/329/436 275/333/600
s 45
f 261/712/501 260/716/601 269/717/602 270/713/502
s 32
f 260/304/603 259/291/462 268/311/465 269/313/604
s 1
f 186/860/434 185/866/529 272/872/598 273/867/469
s 32
f 185/316/531 184/309/428 271/301/467 272/308/597
f 199/332/422 200/334/605 275/333/600 276/329/436
s 1
f 200/963/606 201/957/430 274/956/429 275/964/599
s 32
f 277/302/468 278/319/607 281/321/608 280/312/471
s 47
f 278/722/609 279/719/510 282/718/509 281/723/610
s 32
f 280/312/471 281/321/611 287/328/612 286/326/435
s 50
f 281/1126/613 282/1123/522 288/1122/521 287/1127/614
s 48
f 279/1116/513 278/1120/615 284/1121/616 285/1117/514
s 32
f 278/319/617 277/302/468 283/310/427 284/320/618
s 49
f 285/724/517 284/728/619 287/729/620 288/725/518
s 32
f 284/320/621 283/310/427 286/326/435 287/328/622
s 2
f 295/539/623 294/534/37 463/533/36 462/540/624 488/541/625 487/542/626 322/543/627 321/544/628
f 323/552/629 322/543/627 487/542/626 486/553/630 512/554/631 511/555/632 10/556/633
f 338/567/46 337/568/634 324/569/635 323/552/629 10/556/633 6/570/47
s 51
f 290/335/636 289/336/637 353/337/638 352/338/639
f 289/336/637 295/343/640 354/344/641 353/337/638
s 52
f 292/1128/642 291/1129/643 302/1130/644 301/1131/645
s 51
f 291/339/646 290/335/636 303/347/647 302/349/648
f 297/361/649 296/354/650 377/355/651 376/362/652
f 296/354/650 303/347/647 378/348/653 377/355/651
s 54
f 299/730/654 298/731/655 332/732/656 331/733/657
s 51
f 298/363/658 297/361/649 333/372/659 332/374/660
s 52
f 301/1131/645 300/1132/661 315/1136/662 314/1134/663
s 54
f 300/734/664 299/730/654 316/738/665 315/740/666
f 306/115/667 305/114/668 381/124/669 388/125/670
f 305/114/668 304/113/671 382/123/672 381/124/669
f 304/113/671 310/117/673 313/126/674 312/127/675
s 52
f 310/1137/676 309/1135/677 314/1134/663 313/1138/678
s 54
f 312/127/675 311/139/679 405/146/680 412/135/681
f 311/139/679 318/153/682 406/159/683 405/146/680
f 318/153/682 317/152/684 343/162/685 342/163/686
f 317/152/684 316/161/665 344/172/687 343/162/685
s 51
f 321/350/688 320/357/689 361/358/690 360/351/691
f 320/357/689 319/364/692 362/369/693 361/358/690
f 319/364/692 325/368/694 328/375/695 327/376/696
s 60
f 325/1139/697 324/1140/698 329/1141/699 328/1142/700
s 51
f 327/376/696 326/380/701 369/381/702 368/377/703
f 326/380/701 333/372/659 370/373/704 369/381/702
s 54
f 331/733/657 330/736/705 345/741/706 344/739/687
s 60
f 330/1145/707 329/1141/699 346/1144/708 345/1149/709
s 54
f 335/130/710 334/129/711 389/141/712 396/143/713
f 334/129/711 340/118/714 390/128/715 389/141/712
s 60
f 337/1143/716 336/1147/717 347/1148/718 346/1144/708
s 54
f 336/131/719 335/130/710 348/144/720 347/145/721
f 342/163/686 341/157/722 397/167/723 404/170/724
f 341/157/722 348/144/720 398/156/725 397/167/723
s 62
f 350/1150/726 349/1151/727 385/1152/728 384/1153/729
s 63
f 349/742/730 356/743/731 386/744/732 385/745/733
s 51
f 352/338/639 351/345/734 379/353/735 378/348/653
s 62
f 351/1154/736 350/1150/726 380/1156/737 379/1158/738
s 63
f 356/743/731 355/746/739 359/752/740 358/748/741
s 51
f 355/352/742 354/344/641 360/351/691 359/359/743
s 63
f 358/748/741 357/753/744 393/754/745 392/749/746
s 64
f 357/1165/747 364/1166/748 394/1167/749 393/1168/750
f 364/1166/748 363/1169/751 367/1173/752 366/1171/753
s 51
f 363/378/754 362/369/693 368/377/703 367/383/755
s 64
f 366/1171/753 365/1174/756 401/1175/757 400/1172/758
s 65
f 365/758/759 372/759/760 402/760/761 401/761/762
f 372/759/760 371/762/763 375/768/764 374/764/765
s 51
f 371/379/766 370/373/704 376/362/652 375/371/767
s 65
f 374/764/765 373/769/768 409/770/769 408/765/770
s 62
f 373/1161/771 380/1156/737 410/1157/772 409/1162/773
f 384/1153/729 383/1159/774 411/1160/775 410/1157/772
s 54
f 383/136/776 382/123/672 412/135/681 411/147/777
f 388/125/670 387/138/778 391/142/779 390/128/715
s 63
f 387/750/780 386/744/732 392/749/746 391/755/781
s 54
f 396/143/713 395/155/782 399/164/783 398/156/725
s 64
f 395/1176/784 394/1167/749 400/1172/758 399/1177/785
s 54
f 404/170/724 403/174/786 407/171/787 406/159/683
s 65
f 403/766/788 402/760/761 408/765/770 407/771/789
s 54
f 316/738/665 299/730/654 331/733/657 344/739/687
s 52
f 314/1134/663 309/1135/677 292/1128/642 301/1131/645
s 60
f 329/1141/699 324/1140/698 337/1143/716 346/1144/708
s 51
f 354/344/641 295/343/640 321/350/688 360/351/691
f 362/369/693 319/364/692 327/376/696 368/377/703
f 333/372/659 297/361/649 376/362/652 370/373/704
f 303/347/647 290/335/636 352/338/639 378/348/653
s 63
f 356/743/731 358/748/741 392/749/746 386/744/732
s 64
f 364/1166/748 366/1171/753 400/1172/758 394/1167/749
s 65
f 372/759/760 374/764/765 408/765/770 402/760/761
s 62
f 380/1156/737 350/1150/726 384/1153/729 410/1157/772
s 54
f 390/128/715 340/118/714 306/115/667 388/125/670
f 382/123/672 304/113/671 312/127/675 412/135/681
f 318/153/682 342/163/686 404/170/724 406/159/683
f 348/144/720 335/130/710 396/143/713 398/156/725
s off
f 289/336/790 290/335/791 291/339/792 292/340/793 293/341/794 294/342/795 295/343/796
f 304/113/797 305/114/798 306/115/799 307/100/800 308/99/801 309/116/802 310/117/803
f 319/364/804 320/357/805 321/350/806 322/365/807 323/366/808 324/367/809 325/368/810
f 334/129/811 335/130/812 336/131/813 337/132/814 338/133/815 339/119/816 340/118/817
s 51
f 302/349/648 303/347/647 296/354/650 413/356/818
f 296/354/650 297/361/649 298/363/658 413/356/818
s 54
f 298/731/655 299/730/654 300/734/819 413/735/820
s 52
f 300/1132/821 301/1131/645 302/1130/644 413/1133/822
s 54
f 317/152/684 318/153/682 311/139/679 414/140/823
f 311/139/679 312/127/675 313/126/674 414/140/823
s 52
f 313/126/678 314/150/663 315/151/662 414/140/824
s 54
f 315/151/666 316/161/665 317/152/684 414/140/823
s 51
f 332/374/660 333/372/659 326/380/701 415/382/825
f 326/380/701 327/376/696 328/375/695 415/382/825
s 60
f 328/1142/700 329/1141/699 330/1145/826 415/1146/827
s 54
f 330/736/828 331/733/657 332/732/656 415/737/829
f 347/145/721 348/144/720 341/157/722 416/158/830
f 341/157/722 342/163/686 343/162/685 416/158/830
f 343/162/685 344/172/687 345/168/706 416/158/830
s 60
f 345/168/709 346/169/708 347/145/831 416/158/832
s 63
f 355/746/739 356/743/731 349/742/730 417/747/833
s 62
f 349/1151/727 350/1150/726 351/1154/736 417/1155/834
s 51
f 351/345/734 352/338/639 353/337/638 417/346/835
f 353/337/638 354/344/641 355/352/742 417/346/835
s 64
f 363/1169/751 364/1166/748 357/1165/747 418/1170/836
s 63
f 357/753/744 358/748/741 359/752/740 418/756/837
s 51
f 359/359/743 360/351/691 361/358/690 418/370/838
f 361/358/690 362/369/693 363/378/754 418/370/838
s 65
f 371/762/763 372/759/760 365/758/759 419/763/839
s 64
f 365/1174/756 366/1171/753 367/1173/752 419/1178/840
s 51
f 367/383/755 368/377/703 369/381/702 419/384/841
f 369/381/702 370/373/704 371/379/766 419/384/841
s 62
f 379/1158/738 380/1156/737 373/1161/771 420/1163/842
s 65
f 373/769/768 374/764/765 375/768/764 420/772/843
s 51
f 375/371/767 376/362/652 377/355/651 420/360/844
f 377/355/651 378/348/653 379/353/735 420/360/844
s 54
f 387/138/778 388/125/670 381/124/669 421/137/845
f 381/124/669 382/123/672 383/136/776 421/137/845
s 62
f 383/136/774 384/148/729 385/149/846 421/137/847
s 63
f 385/745/733 386/744/732 387/750/780 421/751/848
s 54
f 395/155/782 396/143/713 389/141/712 422/154/849
f 389/141/712 390/128/715 391/142/779 422/154/849
s 63
f 391/755/781 392/749/746 393/754/745 422/757/850
s 64
f 393/165/851 394/166/749 395/155/784 422/154/852
s 54
f 403/174/786 404/170/724 397/167/723 423/173/853
f 397/167/723 398/156/725 399/164/783 423/173/853
s 64
f 399/1177/785 400/1172/758 401/1175/757 423/1179/854
s 65
f 401/761/762 402/760/761 403/766/788 423/767/855
s 54
f 411/147/777 412/135/681 405/146/680 424/160/856
f 405/146/680 406/159/683 407/171/787 424/160/856
s 65
f 407/771/789 408/765/770 409/770/769 424/773/857
s 62
f 409/1162/773 410/1157/772 411/1160/775 424/1164/858
s 1
f 437/900/859 440/901/860 151/895/445 213/894/444 189/902/535
s 31
f 449/678/861 452/679/862 438/680/863 437/681/864 189/672/401 190/675/404
f 473/684/865 476/685/866 450/686/867 449/678/861 190/675/404 205/677/538
f 497/689/868 500/690/869 474/691/870 473/684/865 205/677/538 195/683/546
s 2
f 426/531/34 425/535/871 435/545/872 434/537/873
s 1
f 425/903/874 428/896/69 436/906/875 435/907/876
f 430/912/877 429/908/878 525/911/879 524/916/880
f 429/908/878 436/906/875 526/910/881 525/911/879
s 2
f 432/559/882 431/571/883 447/581/884 446/573/885
s 1
f 431/913/886 430/912/877 448/917/887 447/918/888
s 2
f 434/537/873 433/547/889 469/548/890 468/536/891
f 433/547/889 432/559/882 470/560/892 469/548/890
s 71
f 440/1180/893 439/1181/894 443/1182/895 442/1183/896
s 72
f 439/397/897 438/391/898 444/386/899 443/389/900
s 73
f 442/400/901 441/399/902 533/406/903 532/407/904
s 1
f 441/399/905 448/405/906 534/412/907 533/406/908
f 446/395/909 445/385/910 457/388/911 456/396/912
s 73
f 445/385/913 444/386/914 458/387/915 457/388/916
s 72
f 452/392/917 451/401/918 459/393/919 458/387/920
f 451/401/918 450/408/921 460/402/922 459/393/919
s 1
f 454/411/923 453/403/924 477/410/925 484/418/926
s 73
f 453/403/927 460/402/928 478/409/929 477/410/930
s 2
f 456/574/931 455/582/932 471/572/933 470/560/892
f 455/582/932 454/584/934 472/576/935 471/572/933
f 462/540/624 461/538/936 467/546/937 466/550/938
f 461/538/936 464/532/35 468/536/891 467/546/937
f 466/550/938 465/562/939 489/563/940 496/549/941
f 465/562/939 472/576/935 490/577/942 489/563/940
s 72
f 476/415/943 475/422/944 479/416/945 478/409/946
f 475/422/944 474/429/947 480/423/948 479/416/945
s 1
f 482/432/949 481/424/950 505/431/951 504/439/952
s 73
f 481/424/953 480/423/954 506/430/955 505/431/956
s 2
f 484/585/957 483/589/958 491/583/959 490/577/942
f 483/589/958 482/591/960 492/587/961 491/583/959
f 486/553/630 485/551/962 495/561/963 494/565/964
f 485/551/962 488/541/625 496/549/941 495/561/963
f 494/565/964 493/579/965 517/580/966 516/564/967
f 493/579/965 492/587/961 518/588/968 517/580/966
s 72
f 500/436/969 499/442/970 507/437/971 506/430/972
s 85
f 499/442/973 498/446/974 508/443/975 507/437/976
s 1
f 502/449/977 501/444/978 549/448/979 548/452/980
s 73
f 501/444/981 508/443/982 550/447/983 549/448/984
s 2
f 504/592/985 503/593/986 519/590/987 518/588/968
s 1
f 503/1010/988 502/1011/989 520/1006/990 519/1005/991
f 510/989/88 509/996/992 515/999/993 514/1000/994
s 2
f 509/566/995 512/554/631 516/564/967 515/578/996
s 1
f 514/1000/994 513/1001/997 541/1003/998 540/1004/999
f 513/1001/997 520/1006/990 542/1007/1000 541/1003/998
f 522/925/1001 521/920/1002 600/924/1003 599/929/1004
f 521/920/1002 528/919/1005 601/923/1006 600/924/1003
f 524/916/880 523/921/1007 535/926/1008 534/922/1009
f 523/921/1007 522/925/1001 536/930/1010 535/926/1008
f 528/1193/1005 527/1194/1011 566/1195/1012 565/1196/1013
f 527/1194/1011 526/1197/881 567/1198/1014 566/1195/1012
s 73
f 530/421/1015 529/420/1016 591/427/1017 590/428/1018
s 1
f 529/420/1019 536/426/1020 592/433/1021 591/427/1022
s 71
f 532/1185/1023 531/1187/1024 564/1188/1025 563/1186/1026
f 531/1187/1024 530/1189/1027 561/1190/1028 564/1188/1025
s 1
f 538/1015/1029 537/1014/1030 573/1018/1031 572/1019/1032
f 537/1014/1030 544/1017/1033 574/1021/1034 573/1018/1031
f 540/1212/999 539/1213/1035 560/1214/1036 559/1215/1037
f 539/1213/1035 538/1216/1029 557/1217/1038 560/1214/1036
f 544/1017/1033 543/1013/1039 547/1016/1040 546/1020/1041
f 543/1013/1039 542/1007/1000 548/1012/1042 547/1016/1040
f 546/458/1043 545/454/1044 582/457/1045 581/461/1046
s 73
f 545/454/1047 552/453/1048 583/456/1049 582/457/1050
s 85
f 552/1231/1051 551/1232/1052 554/1233/1053 553/1234/1054
f 551/1232/1052 550/1235/1055 555/1236/1056 554/1233/1053
s 1
f 570/1026/1057 569/1025/1058 580/1027/1059 579/1028/1060
f 569/1025/1058 574/1021/1034 581/1024/1046 580/1027/1059
f 572/1221/1032 571/1223/1061 575/1224/1062 577/1222/1063
f 571/1223/1061 570/1225/1057 576/1226/1064 575/1224/1062
f 579/1227/1060 578/1229/1065 584/1230/1066 586/1228/1067
s off
f 578/459/1068 583/456/1069 585/462/1070 584/463/1071
s 1
f 588/934/1072 587/935/1073 598/932/1074 597/931/1075
f 587/935/1073 592/933/1021 599/929/1004 598/932/1074
s off
f 590/428/1076 589/434/1077 593/440/1078 595/441/1079
s 1
f 589/1210/1080 588/1209/1072 594/1208/1081 593/1211/1082
f 597/1206/1075 596/1204/1083 602/1205/1084 604/1207/1085
f 596/1204/1083 601/1200/1006 603/1199/1086 602/1205/1084
s 2
f 432/559/882 446/573/885 456/574/931 470/560/892
f 492/587/961 482/591/960 504/592/985 518/588/968
f 472/576/935 454/584/934 484/585/957 490/577/942
s 1
f 430/912/877 524/916/880 534/922/1009 448/917/887
f 548/1012/1042 542/1007/1000 520/1006/990 502/1011/989
s 72
f 444/386/899 438/391/898 452/392/917 458/387/920
s 2
f 468/536/891 464/532/35 426/531/34 434/537/873
s 72
f 480/423/948 474/429/947 500/436/969 506/430/972
s 2
f 516/564/967 512/554/631 486/553/630 494/565/964
s 72
f 460/402/922 450/408/921 476/415/943 478/409/946
s 2
f 496/549/941 488/541/625 462/540/624 466/550/938
s 1
f 436/1201/875 428/1202/69 25/1203/68 567/1198/1014 526/1197/881
s 71
f 151/1184/1087 440/1180/893 442/1183/896 532/1185/1023 563/1186/1026
s 1
f 579/1227/1060 586/1228/1067 576/1226/1064 570/1225/1057
f 32/1218/86 510/1219/88 514/1220/994 540/1212/999 559/1215/1037
s 85
f 508/1239/975 498/1240/974 152/1241/1088 555/1236/1056 550/1235/1055
s 1
f 597/1206/1075 604/1207/1085 594/1208/1081 588/1209/1072
f 557/1217/1038 538/1216/1029 572/1221/1032 577/1222/1063
f 544/1017/1033 546/1020/1041 581/1024/1046 574/1021/1034
s 85
f 552/1231/1051 553/1234/1054 585/1237/1089 583/1238/1090
s 71
f 561/1190/1028 530/1189/1027 590/1191/1091 595/1192/1092
s 1
f 536/930/1010 522/925/1001 599/929/1004 592/933/1021
f 528/1193/1005 565/1196/1013 603/1199/1086 601/1200/1006
s off
f 427/897/1093 428/896/1094 425/903/1095
f 427/530/1096 425/535/1097 426/531/1098
s 31
f 437/681/864 438/680/863 439/688/1099
s 1
f 437/900/859 439/905/1100 440/901/860
s 31
f 449/678/861 450/686/867 451/687/1101
f 449/678/861 451/687/1101 452/679/862
s 2
f 463/533/36 464/532/35 461/538/936
f 463/533/36 461/538/936 462/540/624
s 31
f 473/684/865 474/691/870 475/692/1102
f 473/684/865 475/692/1102 476/685/866
s 2
f 487/542/626 488/541/625 485/551/962
f 487/542/626 485/551/962 486/553/630
s 1
f 497/993/526 498/992/525 499/997/1103
s 31
f 497/689/868 499/693/1104 500/690/869
s off
f 511/555/1105 512/554/1106 509/566/1107
f 511/988/1108 509/996/1109 510/989/1110
f 556/464/1111 553/465/1112 554/466/1113
f 556/464/1114 554/466/1115 555/467/1116
s 85
f 558/668/1117 559/667/1118 560/671/1119
f 558/1242/1117 560/1243/1119 557/1244/1120
s off
f 562/661/1121 563/660/1122 564/664/1123
f 562/1258/1124 564/1265/1125 561/1259/1126
s 71
f 568/1253/1127 565/1254/1128 566/1255/1129
f 568/1253/1127 566/1255/1129 567/1264/1130
s 85
f 584/1245/1131 585/1246/1089 553/1247/1054 556/1248/1132 558/1242/1117 557/1244/1120 577/1249/1133 575/1250/1134 576/1251/1135 586/1252/1136
s 71
f 602/1256/1137 603/1257/1138 565/1254/1128 568/1253/1127 562/1258/1139 561/1259/1028 595/1260/1092 593/1261/1140 594/1262/1141 604/1263/1142
s 1
f 435/907/876 436/906/875 429/908/878 605/909/1143
f 429/908/878 430/912/877 431/913/886 605/909/1143
s 2
f 431/571/883 432/559/882 433/547/889 605/557/1144
f 433/547/889 434/537/873 435/545/872 605/557/1144
s 1
f 447/398/1145 448/405/906 441/399/905 606/390/1146
s 73
f 441/399/902 442/400/901 443/389/1147 606/390/1148
f 443/389/1147 444/386/914 445/385/913 606/390/1148
s 1
f 445/385/910 446/395/909 447/398/1145 606/390/1146
s 73
f 459/393/1149 460/402/928 453/403/927 607/394/1150
s 1
f 453/403/924 454/411/923 455/404/1151 607/394/1152
f 455/404/1151 456/396/912 457/388/911 607/394/1152
s 73
f 457/388/916 458/387/915 459/393/1149 607/394/1150
s 2
f 471/572/933 472/576/935 465/562/939 608/558/1153
f 465/562/939 466/550/938 467/546/937 608/558/1153
f 467/546/937 468/536/891 469/548/890 608/558/1153
f 469/548/890 470/560/892 471/572/933 608/558/1153
s 1
f 483/425/1154 484/418/926 477/410/925 609/417/1155
s 73
f 477/410/930 478/409/929 479/416/1156 609/417/1157
f 479/416/1156 480/423/954 481/424/953 609/417/1157
s 1
f 481/424/950 482/432/949 483/425/1154 609/417/1155
s 2
f 495/561/963 496/549/941 489/563/940 610/575/1158
f 489/563/940 490/577/942 491/583/959 610/575/1158
f 491/583/959 492/587/961 493/579/965 610/575/1158
f 493/579/965 494/565/964 495/561/963 610/575/1158
s 73
f 507/437/1159 508/443/982 501/444/981 611/438/1160
s 1
f 501/444/978 502/449/977 503/445/1161 611/438/1162
f 503/445/1161 504/439/952 505/431/951 611/438/1162
s 73
f 505/431/956 506/430/955 507/437/1159 611/438/1160
s 1
f 519/1005/991 520/1006/990 513/1001/997 612/1002/1163
f 513/1001/997 514/1000/994 515/999/993 612/1002/1163
s 2
f 515/578/996 516/564/967 517/580/966 612/586/1164
f 517/580/966 518/588/968 519/590/987 612/586/1164
s 1
f 527/914/1011 528/919/1005 521/920/1002 613/915/1165
f 521/920/1002 522/925/1001 523/921/1007 613/915/1165
f 523/921/1007 524/916/880 525/911/879 613/915/1165
f 525/911/879 526/910/881 527/914/1011 613/915/1165
f 535/419/1166 536/426/1020 529/420/1019 614/414/1167
s 73
f 529/420/1016 530/421/1015 531/413/1168 614/414/1169
f 531/413/1168 532/407/904 533/406/903 614/414/1169
s 1
f 533/406/908 534/412/907 535/419/1166 614/414/1167
f 543/1013/1039 544/1017/1033 537/1014/1030 615/1009/1170
f 537/1014/1030 538/1015/1029 539/1008/1035 615/1009/1170
f 539/1008/1035 540/1004/999 541/1003/998 615/1009/1170
f 541/1003/998 542/1007/1000 543/1013/1039 615/1009/1170
s 73
f 551/450/1171 552/453/1048 545/454/1047 616/451/1172
s 1
f 545/454/1044 546/458/1043 547/455/1173 616/451/1174
f 547/455/1173 548/452/980 549/448/979 616/451/1174
s 73
f 549/448/984 550/447/983 551/450/1171 616/451/1172
s 1
f 573/1018/1031 574/1021/1034 569/1025/1058 617/1023/1175
f 569/1025/1058 570/1026/1057 571/1022/1061 617/1023/1175
f 571/1022/1061 572/1019/1032 573/1018/1031 617/1023/1175
s off
f 582/457/1176 583/456/1177 578/459/1178 618/460/1179
s 1
f 578/1031/1065 579/1028/1060 580/1027/1059 618/1030/1180
f 580/1027/1059 581/1024/1046 582/1029/1045 618/1030/1180
f 591/938/1022 592/933/1021 587/935/1073 619/937/1181
f 587/935/1073 588/934/1072 589/936/1080 619/937/1181
s off
f 589/434/1182 590/428/1183 591/427/1184 619/435/1185
s 1
f 600/924/1003 601/923/1006 596/927/1083 620/928/1186
f 596/927/1083 597/931/1075 598/932/1074 620/928/1186
f 598/932/1074 599/929/1004 600/924/1003 620/928/1186
s 5
f 664/87/1187 663/72/1188 28/71/1189 2/88/1190 20/89/1191
f 674/101/77 673/102/1192 665/103/1193 664/87/1187 20/89/1191 15/104/78
f 687/39/1194 686/29/1195 60/28/1196 52/40/1197 707/41/1198 706/42/1199
f 708/55/1200 707/41/1198 52/40/1197 44/56/1201 644/57/1202 643/58/1203
f 718/76/117 717/77/1204 709/78/1205 708/55/1200 643/58/1203 642/79/1206 634/80/1207 633/81/118
f 731/16/1208 730/12/21 76/11/20 68/17/1209 751/18/1210 750/19/1211
f 752/27/1212 751/18/1210 68/17/1209 60/28/1196 686/29/1195 685/30/1213
f 762/44/147 761/45/1214 753/46/1215 752/27/1212 685/30/1213 684/47/1216 698/48/1217 697/49/148
s 103
f 622/1266/1218 621/1267/1219 626/1268/1220 625/1269/1221
f 621/1267/1219 623/1270/1222 627/1271/1223 626/1268/1220
f 625/1269/1221 624/1272/1224 677/1279/1225 682/1274/1226
f 624/468/1224 629/469/1227 678/470/1228 677/471/1229
f 629/469/1227 628/472/1230 637/480/1231 636/474/1232
f 628/1278/1230 627/1271/1223 638/1277/1233 637/1284/1234
f 631/1276/1235 630/1282/1236 639/1283/1237 638/1277/1233
s 105
f 630/774/1238 634/775/1239 640/776/1240 639/777/1241
s 103
f 636/474/1232 635/481/1242 648/482/1243 647/475/1244
s 105
f 635/780/1245 640/776/1240 649/779/1246 648/784/1247
f 642/778/1248 641/782/1249 650/783/1250 649/779/1246
s 103
f 641/1287/1251 645/1288/1252 651/1289/1253 650/1290/1254
f 647/475/1244 646/483/1255 657/484/1256 656/476/1257
f 646/1293/1258 651/1289/1253 658/1292/1259 657/1297/1256
f 653/1291/1260 652/1295/1261 659/1296/1262 658/1292/1259
f 652/1295/1261 654/1298/1263 660/1299/1264 659/1296/1262
f 656/476/1257 655/485/1265 668/486/1266 667/477/1267
f 655/1303/1265 660/1299/1264 669/1302/1268 668/1306/1269
f 662/1301/1270 661/1304/1271 670/1305/1272 669/1302/1268
s 109
f 661/786/1273 665/787/1274 671/788/1275 670/789/1276
s 103
f 667/477/1267 666/487/1277 679/478/1278 678/470/1228
s 109
f 666/792/1279 671/788/1275 680/791/1280 679/796/1281
f 673/790/1282 672/794/1283 681/795/1284 680/791/1280
s 103
f 672/1280/1285 676/1275/1286 682/1274/1226 681/1281/1287
s 110
f 684/798/1288 683/799/1289 692/800/1290 691/801/1291
s 111
f 683/1308/1292 687/1309/1293 693/1310/1294 692/1311/1295
s 112
f 689/492/1296 688/493/1297 712/494/1298 711/495/1299
s 111
f 688/1314/1300 693/1310/1294 713/1313/1301 712/1318/1302
s 110
f 691/801/1291 690/802/1303 703/806/1304 702/804/1305
s 112
f 690/496/1306 689/492/1296 704/500/1307 703/502/1308
s 113
f 695/1320/1309 694/1321/1310 701/1322/1311 700/1323/1312
s 110
f 694/807/1313 698/805/1314 702/804/1305 701/808/1315
s 113
f 700/1323/1312 699/1324/1316 721/1328/1317 726/1326/1318
s 112
f 699/504/1319 704/500/1307 722/501/1320 721/505/1321
s 111
f 706/1312/1322 705/1316/1323 714/1317/1324 713/1313/1301
s 114
f 705/810/1325 709/811/1326 715/812/1327 714/813/1328
s 112
f 711/495/1299 710/498/1329 723/503/1330 722/501/1320
s 114
f 710/816/1331 715/812/1327 724/815/1332 723/820/1333
f 717/814/1334 716/818/1335 725/819/1336 724/815/1332
s 113
f 716/1329/1337 720/1327/1338 726/1326/1318 725/1330/1339
s 115
f 728/822/1340 727/823/1341 736/824/1342 735/825/1343
s 116
f 727/1332/1344 731/1333/1345 737/1334/1346 736/1335/1347
s 117
f 733/508/1348 732/509/1349 756/510/1350 755/511/1351
s 116
f 732/1338/1352 737/1334/1346 757/1337/1353 756/1342/1354
s 115
f 735/825/1343 734/826/1355 747/830/1356 746/828/1357
s 117
f 734/512/1358 733/508/1348 748/516/1359 747/518/1360
s 118
f 739/1344/1361 738/1345/1362 745/1346/1363 744/1347/1364
s 115
f 738/831/1365 742/829/1366 746/828/1357 745/832/1367
s 118
f 744/1347/1364 743/1348/1368 765/1352/1369 770/1350/1370
s 117
f 743/520/1371 748/516/1359 766/517/1372 765/521/1373
s 116
f 750/1336/1374 749/1340/1375 758/1341/1376 757/1337/1353
s 119
f 749/834/1377 753/835/1378 759/836/1379 758/837/1380
s 117
f 755/511/1351 754/514/1381 767/519/1382 766/517/1372
s 119
f 754/840/1383 759/836/1379 768/839/1384 767/844/1385
f 761/838/1386 760/842/1387 769/843/1388 768/839/1384
s 118
f 760/1353/1389 764/1351/1390 770/1350/1370 769/1354/1391
s 103
f 629/469/1227 636/474/1232 647/475/1244 656/476/1257 667/477/1267 678/470/1228
s 112
f 704/500/1307 689/492/1296 711/495/1299 722/501/1320
s 117
f 748/516/1359 733/508/1348 755/511/1351 766/517/1372
s 103
f 627/1271/1223 623/1270/1222 631/1276/1235 638/1277/1233
s 105
f 640/776/1240 634/775/1239 642/778/1248 649/779/1246
s 103
f 651/1289/1253 645/1288/1252 653/1291/1260 658/1292/1259
f 660/1299/1264 654/1298/1263 662/1301/1270 669/1302/1268
s 109
f 671/788/1275 665/787/1274 673/790/1282 680/791/1280
s 103
f 682/1274/1226 676/1275/1286 622/1266/1218 625/1269/1221
s 110
f 702/804/1305 698/805/1314 684/798/1288 691/801/1291
s 111
f 693/1310/1294 687/1309/1293 706/1312/1322 713/1313/1301
s 114
f 715/812/1327 709/811/1326 717/814/1334 724/815/1332
s 113
f 726/1326/1318 720/1327/1338 695/1320/1309 700/1323/1312
s 115
f 746/828/1357 742/829/1366 728/822/1340 735/825/1343
s 116
f 737/1334/1346 731/1333/1345 750/1336/1374 757/1337/1353
s 119
f 759/836/1379 753/835/1378 761/838/1386 768/839/1384
s 118
f 770/1350/1370 764/1351/1390 739/1344/1361 744/1347/1364
s 5
f 621/106/1392 622/107/1393 676/108/1394 675/109/76 29/110/75 37/111/1395 45/97/120 632/96/119 631/105/1396 623/112/1397
f 652/67/1398 653/68/1399 645/69/1400 644/57/1202 44/56/1201 36/70/1401 28/71/1189 663/72/1188 662/73/1402 654/74/1403
s 103
f 628/472/1230 629/469/1227 624/468/1224 771/473/1404
f 624/1272/1224 625/1269/1221 626/1268/1220 771/1273/1404
f 626/1268/1220 627/1271/1223 628/1278/1230 771/1273/1404
s 5
f 634/80/1207 630/94/1405 772/95/1406 633/81/118
f 633/81/118 772/95/1406 632/96/119
f 632/96/119 772/95/1406 630/94/1405 631/105/1396
s 105
f 639/777/1241 640/776/1240 635/780/1245 773/781/1407
s 103
f 635/481/1242 636/474/1232 637/480/1231 773/488/1408
f 637/1284/1234 638/1277/1233 639/1283/1237 773/1286/1409
s 5
f 645/69/1400 641/86/1410 774/75/1411 644/57/1202
f 644/57/1202 774/75/1411 643/58/1203
f 643/58/1203 774/75/1411 641/86/1410 642/79/1206
s 103
f 650/1290/1254 651/1289/1253 646/1293/1258 775/1294/1412
f 646/483/1255 647/475/1244 648/482/1243 775/489/1413
s 105
f 648/784/1247 649/779/1246 650/783/1250 775/785/1414
s 103
f 659/1296/1415 660/1299/1264 655/1303/1265 776/1300/1416
f 655/485/1265 656/476/1257 657/484/1256 776/490/1416
f 657/1297/1256 658/1292/1259 659/1296/1415 776/1300/1416
s 5
f 665/103/1193 661/91/1417 777/90/1418 664/87/1187
f 664/87/1187 777/90/1418 663/72/1188
f 663/72/1188 777/90/1418 661/91/1417 662/73/1402
s 109
f 670/789/1276 671/788/1275 666/792/1279 778/793/1419
s 103
f 666/487/1277 667/477/1267 668/486/1266 778/491/1420
f 668/1306/1269 669/1302/1268 670/1305/1272 778/1307/1421
s 5
f 676/108/1394 672/121/1422 779/120/1423 675/109/76
f 675/109/76 779/120/1423 674/101/77
f 674/101/77 779/120/1423 672/121/1422 673/102/1192
s 103
f 681/1281/1287 682/1274/1226 677/1279/1225 780/1285/1424
f 677/471/1229 678/470/1228 679/478/1278 780/479/1425
s 109
f 679/796/1281 680/791/1280 681/795/1284 780/797/1426
s 5
f 687/39/1194 683/54/1427 781/43/1428 686/29/1195
f 686/29/1195 781/43/1428 685/30/1213
f 685/30/1213 781/43/1428 683/54/1427 684/47/1216
s 111
f 692/1311/1295 693/1310/1294 688/1314/1300 782/1315/1429
s 112
f 688/493/1297 689/492/1296 690/496/1306 782/497/1430
s 110
f 690/802/1303 691/801/1291 692/800/1290 782/803/1431
s 5
f 698/48/1217 694/63/1432 783/64/1433 697/49/148
f 697/49/148 783/64/1433 696/65/130
f 696/65/130 783/64/1433 694/63/1432 695/82/131
s 112
f 703/502/1308 704/500/1307 699/504/1319 784/506/1434
s 113
f 699/1324/1316 700/1323/1312 701/1322/1311 784/1325/1435
s 110
f 701/808/1315 702/804/1305 703/806/1304 784/809/1436
s 5
f 709/78/1205 705/60/1437 785/59/1438 708/55/1200
f 708/55/1200 785/59/1438 707/41/1198
f 707/41/1198 785/59/1438 705/60/1437 706/42/1199
s 114
f 714/813/1328 715/812/1327 710/816/1331 786/817/1439
s 112
f 710/498/1329 711/495/1299 712/494/1298 786/499/1440
s 111
f 712/1318/1302 713/1313/1301 714/1317/1324 786/1319/1441
s 5
f 720/83/132 716/93/1442 787/92/1443 719/84/116
f 719/84/116 787/92/1443 718/76/117
f 718/76/117 787/92/1443 716/93/1442 717/77/1204
s 113
f 725/1330/1339 726/1326/1318 721/1328/1317 788/1331/1444
s 112
f 721/505/1321 722/501/1320 723/503/1330 788/507/1445
s 114
f 723/820/1333 724/815/1332 725/819/1336 788/821/1446
s 5
f 731/16/1208 727/26/1447 789/20/1448 730/12/21
f 730/12/21 789/20/1448 729/13/22
f 729/13/22 789/20/1448 727/26/1447 728/22/64
s 116
f 736/1335/1347 737/1334/1346 732/1338/1352 790/1339/1449
s 117
f 732/509/1349 733/508/1348 734/512/1358 790/513/1450
s 115
f 734/826/1355 735/825/1343 736/824/1342 790/827/1451
s 5
f 742/23/65 738/33/1452 791/34/1453 741/24/51
f 741/24/51 791/34/1453 740/36/52
f 740/36/52 791/34/1453 738/33/1452 739/50/153
s 117
f 747/518/1360 748/516/1359 743/520/1371 792/522/1454
s 118
f 743/1348/1368 744/1347/1364 745/1346/1363 792/1349/1455
s 115
f 745/832/1367 746/828/1357 747/830/1356 792/833/1456
s 5
f 753/46/1215 749/32/1457 793/31/1458 752/27/1212
f 752/27/1212 793/31/1458 751/18/1210
f 751/18/1210 793/31/1458 749/32/1457 750/19/1211
s 119
f 758/837/1380 759/836/1379 754/840/1383 794/841/1459
s 117
f 754/514/1381 755/511/1351 756/510/1350 794/515/1460
s 116
f 756/1342/1354 757/1337/1353 758/1341/1376 794/1343/1461
s 5
f 764/51/154 760/62/1462 795/61/1463 763/52/146
f 763/52/146 795/61/1463 762/44/147
f 762/44/147 795/61/1463 760/62/1462 761/45/1214
s 118
f 769/1354/1391 770/1350/1370 765/1352/1369 796/1355/1464
s 117
f 765/521/1373 766/517/1372 767/519/1382 796/523/1465
s 119
f 767/844/1385 768/839/1384 769/843/1388 796/845/1466
